Year,Month,Make,Quantity
2007,1,Toyota,2884
2007,1,Volkswagen,2521
2007,1,Peugeot,1029
2007,1,Ford,870
2007,1,Volvo,693
2007,1,Skoda,665
2007,1,Opel,622
2007,1,Audi,599
2007,1,Honda,423
2007,1,Mercedes-Benz,362
2007,1,BMW,352
2007,1,Citroen,263
2007,1,Suzuki,258
2007,1,Mazda,191
2007,1,Saab,169
2007,1,Renault,168
2007,1,Mitsubishi,136
2007,1,Nissan,127
2007,1,Hyundai,97
2007,1,Kia,55
2007,1,Dodge,33
2007,1,MINI,26
2007,1,Subaru,26
2007,1,Lexus,22
2007,1,Chevrolet,20
2007,1,Alfa Romeo,16
2007,1,Daihatsu,15
2007,1,Land Rover,14
2007,1,Fiat,9
2007,1,Chrysler,4
2007,1,Iveco,4
2007,1,Jaguar,3
2007,1,Jeep,2
2007,1,Nilsson,2
2007,1,Think,2
2007,1,Smart,1
2007,1,Ssangyong,1
2007,1,NA,1
2007,2,Toyota,1885
2007,2,Volkswagen,1517
2007,2,Ford,686
2007,2,Peugeot,621
2007,2,Volvo,570
2007,2,Opel,551
2007,2,Audi,498
2007,2,Skoda,463
2007,2,Mercedes-Benz,410
2007,2,Honda,356
2007,2,BMW,335
2007,2,Suzuki,264
2007,2,Mitsubishi,262
2007,2,Citroen,247
2007,2,Mazda,239
2007,2,Saab,175
2007,2,Hyundai,149
2007,2,Nissan,134
2007,2,Kia,119
2007,2,Renault,84
2007,2,Chevrolet,35
2007,2,MINI,32
2007,2,Land Rover,30
2007,2,Dodge,24
2007,2,Daihatsu,22
2007,2,Subaru,18
2007,2,Lexus,17
2007,2,Alfa Romeo,9
2007,2,Fiat,6
2007,2,Jeep,6
2007,2,Nilsson,6
2007,2,Chrysler,5
2007,2,Jaguar,5
2007,2,Smart,5
2007,2,Chevrolet US,3
2007,2,Ssangyong,2
2007,2,Porsche,2
2007,2,Cadillac,1
2007,3,Toyota,1833
2007,3,Volkswagen,1428
2007,3,Peugeot,867
2007,3,Ford,766
2007,3,Audi,682
2007,3,Volvo,656
2007,3,Opel,578
2007,3,Mitsubishi,512
2007,3,Skoda,491
2007,3,Honda,399
2007,3,Mercedes-Benz,387
2007,3,BMW,365
2007,3,Suzuki,333
2007,3,Nissan,327
2007,3,Mazda,319
2007,3,Saab,243
2007,3,Citroen,239
2007,3,Hyundai,228
2007,3,Kia,171
2007,3,Renault,131
2007,3,Chevrolet,52
2007,3,Land Rover,40
2007,3,Jeep,33
2007,3,MINI,28
2007,3,Daihatsu,27
2007,3,Dodge,25
2007,3,Alfa Romeo,21
2007,3,Fiat,20
2007,3,Lexus,18
2007,3,Porsche,14
2007,3,Jaguar,9
2007,3,Subaru,7
2007,3,Iveco,5
2007,3,Cadillac,4
2007,3,Chrysler,3
2007,3,Nilsson,1
2007,3,NA,1
2007,3,Aston Martin,1
2007,4,Toyota,1300
2007,4,Volkswagen,1257
2007,4,Volvo,587
2007,4,Audi,556
2007,4,Peugeot,547
2007,4,Opel,534
2007,4,Ford,451
2007,4,Skoda,438
2007,4,Mercedes-Benz,387
2007,4,BMW,360
2007,4,Honda,351
2007,4,Suzuki,347
2007,4,Nissan,328
2007,4,Mazda,249
2007,4,Saab,191
2007,4,Citroen,179
2007,4,Hyundai,142
2007,4,Mitsubishi,104
2007,4,Renault,92
2007,4,Kia,92
2007,4,Chevrolet,79
2007,4,Subaru,77
2007,4,Land Rover,42
2007,4,MINI,31
2007,4,Dodge,25
2007,4,Alfa Romeo,20
2007,4,Lexus,18
2007,4,Daihatsu,17
2007,4,Chrysler,11
2007,4,Jeep,10
2007,4,Fiat,7
2007,4,Porsche,7
2007,4,Jaguar,5
2007,4,Iveco,5
2007,4,Morgan,4
2007,4,Cadillac,2
2007,4,Smart,1
2007,4,Think,1
2007,5,Volkswagen,1934
2007,5,Toyota,1866
2007,5,Volvo,805
2007,5,Opel,771
2007,5,Peugeot,743
2007,5,Ford,648
2007,5,Audi,630
2007,5,Honda,520
2007,5,Skoda,517
2007,5,BMW,431
2007,5,Mercedes-Benz,422
2007,5,Suzuki,420
2007,5,Nissan,382
2007,5,Mazda,325
2007,5,Saab,241
2007,5,Citroen,223
2007,5,Mitsubishi,222
2007,5,Kia,169
2007,5,Hyundai,155
2007,5,Renault,109
2007,5,Land Rover,91
2007,5,Subaru,78
2007,5,Jeep,72
2007,5,Chevrolet,65
2007,5,Daihatsu,36
2007,5,MINI,30
2007,5,Dodge,29
2007,5,Fiat,18
2007,5,Alfa Romeo,17
2007,5,Lexus,10
2007,5,Chrysler,8
2007,5,Jaguar,5
2007,5,Porsche,4
2007,5,Aston Martin,4
2007,5,Ssangyong,3
2007,5,Smart,2
2007,5,Morgan,2
2007,6,Toyota,1620
2007,6,Volkswagen,1531
2007,6,Ford,772
2007,6,Opel,683
2007,6,Volvo,662
2007,6,Honda,624
2007,6,Peugeot,569
2007,6,Skoda,512
2007,6,Audi,498
2007,6,BMW,477
2007,6,Mercedes-Benz,421
2007,6,Mitsubishi,414
2007,6,Nissan,364
2007,6,Mazda,296
2007,6,Citroen,277
2007,6,Suzuki,262
2007,6,Hyundai,204
2007,6,Saab,195
2007,6,Kia,159
2007,6,Renault,107
2007,6,Chevrolet,74
2007,6,Jeep,68
2007,6,Subaru,65
2007,6,Land Rover,47
2007,6,MINI,37
2007,6,Daihatsu,37
2007,6,Dodge,23
2007,6,Alfa Romeo,21
2007,6,Lexus,17
2007,6,Fiat,10
2007,6,Jaguar,8
2007,6,Smart,8
2007,6,Chrysler,5
2007,6,Porsche,5
2007,6,Ssangyong,5
2007,6,Aston Martin,3
2007,6,Cadillac,1
2007,6,Chevrolet US,1
2007,6,Bentley,1
2007,7,Toyota,1901
2007,7,Volkswagen,1777
2007,7,Volvo,1064
2007,7,Ford,1006
2007,7,Peugeot,749
2007,7,Opel,685
2007,7,Audi,562
2007,7,Skoda,489
2007,7,Mercedes-Benz,469
2007,7,BMW,403
2007,7,Honda,401
2007,7,Mitsubishi,381
2007,7,Suzuki,296
2007,7,Mazda,294
2007,7,Citroen,281
2007,7,Nissan,277
2007,7,Saab,204
2007,7,Hyundai,182
2007,7,Kia,137
2007,7,Renault,124
2007,7,Chevrolet,78
2007,7,Jeep,56
2007,7,Subaru,51
2007,7,Daihatsu,33
2007,7,Land Rover,32
2007,7,MINI,28
2007,7,Dodge,26
2007,7,Lexus,16
2007,7,Alfa Romeo,14
2007,7,Fiat,12
2007,7,Jaguar,12
2007,7,Smart,8
2007,7,Chrysler,5
2007,7,Porsche,3
2007,7,Aston Martin,3
2007,7,Ssangyong,1
2007,7,Nilsson,1
2007,7,NA,1
2007,8,Toyota,1783
2007,8,Volkswagen,1665
2007,8,Ford,816
2007,8,Mitsubishi,681
2007,8,Audi,590
2007,8,Peugeot,531
2007,8,Volvo,498
2007,8,Skoda,476
2007,8,Opel,472
2007,8,Mercedes-Benz,435
2007,8,Suzuki,392
2007,8,BMW,348
2007,8,Nissan,348
2007,8,Honda,296
2007,8,Citroen,288
2007,8,Mazda,237
2007,8,Hyundai,196
2007,8,Kia,122
2007,8,Saab,103
2007,8,Renault,100
2007,8,Subaru,92
2007,8,Chevrolet,67
2007,8,Jeep,51
2007,8,Daihatsu,40
2007,8,Lexus,30
2007,8,Land Rover,28
2007,8,MINI,24
2007,8,Fiat,23
2007,8,Dodge,13
2007,8,Smart,13
2007,8,Alfa Romeo,12
2007,8,Jaguar,5
2007,8,Ssangyong,3
2007,8,Cadillac,3
2007,8,Chrysler,1
2007,8,Porsche,1
2007,8,Iveco,1
2007,8,Think,1
2007,8,Lancia,1
2007,9,Volkswagen,1373
2007,9,Toyota,1303
2007,9,Ford,679
2007,9,Volvo,662
2007,9,Mitsubishi,553
2007,9,Nissan,432
2007,9,Peugeot,426
2007,9,Opel,414
2007,9,Audi,393
2007,9,Honda,358
2007,9,Skoda,354
2007,9,Suzuki,314
2007,9,Mercedes-Benz,298
2007,9,BMW,271
2007,9,Mazda,266
2007,9,Hyundai,247
2007,9,Saab,220
2007,9,Citroen,184
2007,9,Kia,158
2007,9,Subaru,85
2007,9,Renault,69
2007,9,Chevrolet,57
2007,9,Jeep,34
2007,9,Land Rover,32
2007,9,Fiat,32
2007,9,MINI,26
2007,9,Daihatsu,26
2007,9,Lexus,25
2007,9,Alfa Romeo,15
2007,9,Dodge,12
2007,9,Jaguar,5
2007,9,Chrysler,4
2007,9,Porsche,4
2007,9,Smart,3
2007,9,Ssangyong,2
2007,9,Nilsson,1
2007,9,Morgan,1
2007,9,Lancia,1
2007,9,Maserati,1
2007,10,Volkswagen,1941
2007,10,Toyota,1648
2007,10,Volvo,1014
2007,10,Peugeot,707
2007,10,Ford,693
2007,10,BMW,562
2007,10,Audi,554
2007,10,Opel,547
2007,10,Nissan,518
2007,10,Skoda,438
2007,10,Honda,428
2007,10,Mercedes-Benz,376
2007,10,Suzuki,333
2007,10,Mitsubishi,324
2007,10,Mazda,247
2007,10,Saab,234
2007,10,Hyundai,220
2007,10,Citroen,202
2007,10,Kia,145
2007,10,Subaru,141
2007,10,Renault,75
2007,10,Jeep,52
2007,10,Chevrolet,47
2007,10,Land Rover,39
2007,10,Fiat,28
2007,10,Daihatsu,27
2007,10,MINI,26
2007,10,Lexus,23
2007,10,Dodge,21
2007,10,Alfa Romeo,10
2007,10,Jaguar,7
2007,10,Smart,6
2007,10,Chrysler,4
2007,10,Porsche,3
2007,10,Ssangyong,1
2007,10,Cadillac,1
2007,10,Nilsson,1
2007,10,Chevrolet US,1
2007,10,Maserati,1
2007,10,Isuzu,1
2007,11,Toyota,1579
2007,11,Volkswagen,1473
2007,11,Volvo,710
2007,11,Ford,566
2007,11,Nissan,530
2007,11,BMW,525
2007,11,Honda,509
2007,11,Peugeot,479
2007,11,Opel,477
2007,11,Audi,448
2007,11,Skoda,447
2007,11,Mercedes-Benz,447
2007,11,Suzuki,310
2007,11,Mitsubishi,299
2007,11,Mazda,287
2007,11,Saab,233
2007,11,Subaru,220
2007,11,Citroen,206
2007,11,Kia,161
2007,11,Hyundai,156
2007,11,Renault,74
2007,11,Chevrolet,50
2007,11,MINI,48
2007,11,Jeep,46
2007,11,Fiat,40
2007,11,Dodge,25
2007,11,Land Rover,23
2007,11,Lexus,22
2007,11,Daihatsu,19
2007,11,Alfa Romeo,18
2007,11,Chrysler,9
2007,11,Jaguar,7
2007,11,Porsche,3
2007,11,Ssangyong,3
2007,11,Smart,2
2007,11,NA,1
2007,11,Maserati,1
2007,12,Volkswagen,1272
2007,12,Toyota,1081
2007,12,Ford,821
2007,12,Volvo,641
2007,12,Skoda,578
2007,12,BMW,512
2007,12,Opel,481
2007,12,Honda,471
2007,12,Audi,462
2007,12,Mercedes-Benz,456
2007,12,Mitsubishi,351
2007,12,Saab,307
2007,12,Nissan,244
2007,12,Peugeot,225
2007,12,Subaru,224
2007,12,Suzuki,201
2007,12,Mazda,194
2007,12,Kia,132
2007,12,Hyundai,128
2007,12,Citroen,120
2007,12,Renault,57
2007,12,Land Rover,56
2007,12,Chevrolet,44
2007,12,Jeep,43
2007,12,MINI,28
2007,12,Alfa Romeo,21
2007,12,Daihatsu,16
2007,12,Dodge,16
2007,12,Lexus,10
2007,12,Fiat,9
2007,12,Smart,6
2007,12,Chrysler,4
2007,12,Ssangyong,3
2007,12,Jaguar,2
2007,12,Porsche,2
2007,12,Cadillac,1
2007,12,Nilsson,1
2007,12,Maserati,1
2007,12,Bentley,1
2008,1,Toyota,1758
2008,1,Volkswagen,1224
2008,1,Ford,942
2008,1,Volvo,593
2008,1,Peugeot,592
2008,1,Honda,549
2008,1,Nissan,472
2008,1,Audi,429
2008,1,Mercedes-Benz,374
2008,1,BMW,368
2008,1,Skoda,360
2008,1,Suzuki,344
2008,1,Mitsubishi,337
2008,1,Opel,334
2008,1,Mazda,280
2008,1,Subaru,161
2008,1,Citroen,146
2008,1,Saab,114
2008,1,Kia,111
2008,1,Hyundai,97
2008,1,Renault,59
2008,1,MINI,55
2008,1,Jeep,32
2008,1,Lexus,30
2008,1,Chevrolet,28
2008,1,Daihatsu,24
2008,1,Fiat,22
2008,1,Land Rover,21
2008,1,Dodge,16
2008,1,Alfa Romeo,15
2008,1,Chrysler,5
2008,1,Smart,4
2008,1,Nilsson,3
2008,1,Jaguar,2
2008,2,Volkswagen,1767
2008,2,Toyota,1494
2008,2,Ford,1016
2008,2,Volvo,684
2008,2,Nissan,635
2008,2,Audi,486
2008,2,BMW,474
2008,2,Peugeot,467
2008,2,Skoda,426
2008,2,Honda,405
2008,2,Mitsubishi,397
2008,2,Opel,381
2008,2,Suzuki,362
2008,2,Mazda,305
2008,2,Mercedes-Benz,291
2008,2,Subaru,153
2008,2,Citroen,148
2008,2,Kia,133
2008,2,Saab,132
2008,2,Hyundai,128
2008,2,Renault,48
2008,2,MINI,41
2008,2,Jeep,39
2008,2,Daihatsu,26
2008,2,Chevrolet,21
2008,2,Dodge,20
2008,2,Fiat,19
2008,2,Land Rover,16
2008,2,Lexus,15
2008,2,Alfa Romeo,8
2008,2,Porsche,7
2008,2,Jaguar,6
2008,2,Chrysler,4
2008,2,Think,4
2008,2,Nilsson,2
2008,2,Ferrari,2
2008,2,Ssangyong,2
2008,2,Smart,1
2008,2,Cadillac,1
2008,2,Maserati,1
2008,3,Volkswagen,1503
2008,3,Toyota,1338
2008,3,Ford,713
2008,3,Mitsubishi,584
2008,3,Volvo,557
2008,3,Mazda,514
2008,3,Peugeot,502
2008,3,Audi,478
2008,3,Skoda,455
2008,3,Nissan,431
2008,3,BMW,379
2008,3,Opel,312
2008,3,Honda,293
2008,3,Suzuki,273
2008,3,Mercedes-Benz,243
2008,3,Hyundai,175
2008,3,Subaru,163
2008,3,Kia,120
2008,3,Saab,106
2008,3,Citroen,105
2008,3,Renault,55
2008,3,Chevrolet,37
2008,3,MINI,28
2008,3,Jeep,28
2008,3,Daihatsu,25
2008,3,Land Rover,22
2008,3,Fiat,17
2008,3,Dodge,12
2008,3,Lexus,11
2008,3,Alfa Romeo,8
2008,3,Jaguar,8
2008,3,Porsche,2
2008,3,Smart,2
2008,3,Chrysler,1
2008,3,Nilsson,1
2008,3,Ssangyong,1
2008,3,Cadillac,1
2008,3,Aston Martin,1
2008,3,Bentley,1
2008,3,Lancia,1
2008,4,Volkswagen,1795
2008,4,Toyota,1528
2008,4,Ford,854
2008,4,Volvo,732
2008,4,Peugeot,662
2008,4,Audi,662
2008,4,Mitsubishi,620
2008,4,BMW,593
2008,4,Skoda,537
2008,4,Mercedes-Benz,480
2008,4,Nissan,456
2008,4,Opel,412
2008,4,Suzuki,367
2008,4,Honda,364
2008,4,Mazda,317
2008,4,Subaru,240
2008,4,Hyundai,187
2008,4,Saab,178
2008,4,Citroen,170
2008,4,Renault,109
2008,4,Kia,86
2008,4,Fiat,72
2008,4,MINI,44
2008,4,Chevrolet,43
2008,4,Jeep,34
2008,4,Daihatsu,26
2008,4,Land Rover,24
2008,4,Jaguar,19
2008,4,Dodge,18
2008,4,Lexus,17
2008,4,Iveco,13
2008,4,Alfa Romeo,9
2008,4,Smart,8
2008,4,Morgan,8
2008,4,Chrysler,6
2008,4,Nilsson,6
2008,4,Porsche,2
2008,4,Aston Martin,2
2008,4,Ssangyong,1
2008,4,Ferrari,1
2008,4,Maserati,1
2008,4,Isuzu,1
2008,5,Volkswagen,1402
2008,5,Toyota,1259
2008,5,Ford,984
2008,5,Volvo,724
2008,5,Peugeot,590
2008,5,Audi,569
2008,5,Nissan,474
2008,5,Skoda,466
2008,5,BMW,441
2008,5,Opel,437
2008,5,Mercedes-Benz,392
2008,5,Mazda,345
2008,5,Mitsubishi,321
2008,5,Suzuki,304
2008,5,Honda,302
2008,5,Citroen,217
2008,5,Subaru,199
2008,5,Saab,175
2008,5,Hyundai,155
2008,5,Kia,107
2008,5,Fiat,74
2008,5,Renault,67
2008,5,Chevrolet,30
2008,5,Jeep,25
2008,5,Jaguar,25
2008,5,MINI,22
2008,5,Daihatsu,22
2008,5,Land Rover,21
2008,5,Dodge,19
2008,5,Lexus,14
2008,5,Chrysler,7
2008,5,Iveco,7
2008,5,Smart,6
2008,5,Alfa Romeo,4
2008,5,Porsche,3
2008,5,Nilsson,2
2008,5,Ssangyong,2
2008,5,Maserati,2
2008,5,Morgan,1
2008,5,Koenigsegg,1
2008,6,Volkswagen,1182
2008,6,Toyota,1141
2008,6,Ford,898
2008,6,Audi,693
2008,6,Volvo,672
2008,6,BMW,593
2008,6,Nissan,476
2008,6,Peugeot,427
2008,6,Opel,399
2008,6,Skoda,370
2008,6,Mazda,346
2008,6,Honda,337
2008,6,Mercedes-Benz,329
2008,6,Mitsubishi,283
2008,6,Suzuki,264
2008,6,Citroen,253
2008,6,Subaru,217
2008,6,Saab,170
2008,6,Hyundai,150
2008,6,Kia,107
2008,6,Fiat,67
2008,6,Renault,62
2008,6,Dodge,40
2008,6,MINI,35
2008,6,Chevrolet,28
2008,6,Jeep,19
2008,6,Daihatsu,19
2008,6,Land Rover,19
2008,6,Lexus,18
2008,6,Jaguar,16
2008,6,Alfa Romeo,11
2008,6,Iveco,6
2008,6,Think,6
2008,6,Smart,4
2008,6,Chrysler,3
2008,6,Porsche,3
2008,6,Ssangyong,2
2008,6,Aston Martin,2
2008,6,Cadillac,2
2008,6,Morgan,1
2008,7,Toyota,1315
2008,7,Volkswagen,1203
2008,7,Ford,1056
2008,7,Volvo,601
2008,7,Audi,594
2008,7,Peugeot,581
2008,7,Opel,472
2008,7,Nissan,400
2008,7,BMW,386
2008,7,Mazda,362
2008,7,Skoda,322
2008,7,Mitsubishi,290
2008,7,Honda,283
2008,7,Suzuki,276
2008,7,Mercedes-Benz,275
2008,7,Subaru,206
2008,7,Citroen,179
2008,7,Hyundai,162
2008,7,Saab,141
2008,7,Kia,106
2008,7,Renault,86
2008,7,Think,52
2008,7,Dodge,42
2008,7,Fiat,37
2008,7,Jeep,35
2008,7,MINI,33
2008,7,Chevrolet,28
2008,7,Lexus,15
2008,7,Jaguar,15
2008,7,Alfa Romeo,15
2008,7,Daihatsu,9
2008,7,Land Rover,9
2008,7,Chrysler,5
2008,7,Ssangyong,4
2008,7,Smart,2
2008,7,Porsche,2
2008,7,Nilsson,2
2008,7,Morgan,2
2008,7,Iveco,1
2008,7,Maserati,1
2008,8,Volkswagen,1432
2008,8,Toyota,1002
2008,8,Ford,658
2008,8,Audi,574
2008,8,Peugeot,457
2008,8,Mazda,347
2008,8,Skoda,327
2008,8,Honda,312
2008,8,Mercedes-Benz,295
2008,8,Nissan,279
2008,8,BMW,278
2008,8,Opel,271
2008,8,Volvo,270
2008,8,Mitsubishi,251
2008,8,Suzuki,206
2008,8,Subaru,152
2008,8,Citroen,134
2008,8,Hyundai,111
2008,8,Saab,73
2008,8,Kia,59
2008,8,Fiat,57
2008,8,Dodge,49
2008,8,Renault,46
2008,8,Think,38
2008,8,MINI,30
2008,8,Chevrolet,26
2008,8,Jeep,23
2008,8,Daihatsu,19
2008,8,Lexus,14
2008,8,Land Rover,12
2008,8,Alfa Romeo,11
2008,8,Porsche,6
2008,8,Jaguar,4
2008,8,Chrysler,4
2008,8,Smart,4
2008,8,Iveco,1
2008,8,Morgan,1
2008,9,Toyota,1250
2008,9,Volkswagen,1229
2008,9,Ford,764
2008,9,Audi,545
2008,9,Volvo,457
2008,9,Honda,394
2008,9,Peugeot,383
2008,9,BMW,371
2008,9,Mazda,359
2008,9,Nissan,319
2008,9,Skoda,306
2008,9,Opel,302
2008,9,Mitsubishi,287
2008,9,Mercedes-Benz,278
2008,9,Hyundai,212
2008,9,Suzuki,207
2008,9,Subaru,197
2008,9,Saab,132
2008,9,Citroen,121
2008,9,Kia,73
2008,9,Fiat,47
2008,9,Renault,38
2008,9,Dodge,30
2008,9,Chevrolet,28
2008,9,MINI,27
2008,9,Jeep,24
2008,9,Lexus,18
2008,9,Daihatsu,17
2008,9,Land Rover,9
2008,9,Chrysler,9
2008,9,Jaguar,4
2008,9,Alfa Romeo,4
2008,9,Smart,3
2008,9,Isuzu,3
2008,9,Ssangyong,2
2008,9,Iveco,1
2008,9,Porsche,1
2008,9,Cadillac,1
2008,9,Lancia,1
2008,10,Volkswagen,1442
2008,10,Toyota,1247
2008,10,Ford,701
2008,10,Audi,578
2008,10,Volvo,472
2008,10,Peugeot,449
2008,10,BMW,395
2008,10,Nissan,346
2008,10,Skoda,283
2008,10,Mazda,275
2008,10,Mercedes-Benz,260
2008,10,Subaru,245
2008,10,Opel,241
2008,10,Suzuki,231
2008,10,Mitsubishi,214
2008,10,Honda,214
2008,10,Hyundai,146
2008,10,Citroen,142
2008,10,Saab,116
2008,10,Kia,76
2008,10,Fiat,61
2008,10,Renault,54
2008,10,MINI,37
2008,10,Chevrolet,26
2008,10,Dodge,25
2008,10,Lexus,19
2008,10,Chrysler,18
2008,10,Land Rover,17
2008,10,Daihatsu,15
2008,10,Jeep,10
2008,10,Porsche,10
2008,10,Alfa Romeo,9
2008,10,Jaguar,7
2008,10,Smart,3
2008,10,Ssangyong,3
2008,10,Iveco,2
2008,10,Lancia,1
2008,11,Volkswagen,1306
2008,11,Toyota,760
2008,11,Ford,639
2008,11,Audi,522
2008,11,Volvo,478
2008,11,Peugeot,333
2008,11,Mercedes-Benz,302
2008,11,Nissan,293
2008,11,BMW,262
2008,11,Subaru,255
2008,11,Skoda,252
2008,11,Opel,230
2008,11,Honda,211
2008,11,Mazda,209
2008,11,Mitsubishi,206
2008,11,Suzuki,160
2008,11,Hyundai,120
2008,11,Citroen,108
2008,11,Saab,65
2008,11,Kia,54
2008,11,Fiat,42
2008,11,Dodge,27
2008,11,Renault,24
2008,11,Chevrolet,18
2008,11,MINI,12
2008,11,Think,11
2008,11,Land Rover,10
2008,11,Jeep,9
2008,11,Daihatsu,8
2008,11,Alfa Romeo,7
2008,11,Lexus,5
2008,11,Chrysler,4
2008,11,Jaguar,3
2008,11,Smart,2
2008,11,Porsche,2
2008,11,Isuzu,1
2008,11,Ferrari,1
2008,11,Lancia,1
2008,12,Volkswagen,1256
2008,12,Toyota,876
2008,12,Ford,848
2008,12,Volvo,714
2008,12,Audi,625
2008,12,BMW,423
2008,12,Honda,340
2008,12,Skoda,317
2008,12,Subaru,315
2008,12,Mercedes-Benz,294
2008,12,Nissan,259
2008,12,Mitsubishi,237
2008,12,Suzuki,181
2008,12,Opel,179
2008,12,Mazda,175
2008,12,Peugeot,173
2008,12,Citroen,119
2008,12,Saab,92
2008,12,Hyundai,91
2008,12,Think,66
2008,12,Fiat,45
2008,12,Renault,39
2008,12,Kia,27
2008,12,Dodge,25
2008,12,Land Rover,14
2008,12,MINI,10
2008,12,Chevrolet,10
2008,12,Jeep,10
2008,12,Iveco,10
2008,12,Jaguar,8
2008,12,Lexus,7
2008,12,Alfa Romeo,7
2008,12,Smart,7
2008,12,Porsche,6
2008,12,Daihatsu,4
2008,12,Chrysler,4
2008,12,Nilsson,2
2008,12,Lancia,2
2008,12,Ferrari,1
2008,12,Lamborghini,1
2009,1,Toyota,946
2009,1,Volkswagen,725
2009,1,Ford,533
2009,1,Volvo,347
2009,1,Peugeot,320
2009,1,Opel,303
2009,1,Audi,221
2009,1,Hyundai,202
2009,1,Nissan,197
2009,1,Skoda,192
2009,1,Mazda,182
2009,1,Subaru,164
2009,1,BMW,159
2009,1,Mercedes-Benz,144
2009,1,Suzuki,139
2009,1,Honda,138
2009,1,Mitsubishi,126
2009,1,Citroen,97
2009,1,Saab,36
2009,1,Fiat,34
2009,1,Kia,31
2009,1,Renault,28
2009,1,MINI,17
2009,1,Dodge,14
2009,1,Smart,12
2009,1,Lexus,10
2009,1,Daihatsu,7
2009,1,Jeep,7
2009,1,Alfa Romeo,6
2009,1,Chevrolet,4
2009,1,Land Rover,4
2009,1,Nilsson,3
2009,1,Jaguar,2
2009,1,Chrysler,1
2009,1,Morgan,1
2009,1,Ssangyong,1
2009,2,Volkswagen,921
2009,2,Toyota,893
2009,2,Ford,527
2009,2,Audi,325
2009,2,Volvo,309
2009,2,Honda,303
2009,2,Skoda,292
2009,2,BMW,292
2009,2,Peugeot,291
2009,2,Opel,247
2009,2,Mazda,246
2009,2,Nissan,243
2009,2,Hyundai,208
2009,2,Mitsubishi,208
2009,2,Subaru,202
2009,2,Mercedes-Benz,140
2009,2,Suzuki,130
2009,2,Citroen,123
2009,2,Renault,82
2009,2,Saab,48
2009,2,Kia,46
2009,2,Fiat,40
2009,2,Lexus,40
2009,2,Think,29
2009,2,Dodge,20
2009,2,Chevrolet,18
2009,2,Land Rover,18
2009,2,MINI,11
2009,2,Jeep,6
2009,2,Chrysler,6
2009,2,Smart,5
2009,2,Isuzu,5
2009,2,Nilsson,4
2009,2,Jaguar,4
2009,2,Daihatsu,3
2009,2,Alfa Romeo,2
2009,3,Toyota,1021
2009,3,Volkswagen,909
2009,3,Ford,698
2009,3,Honda,454
2009,3,Mazda,450
2009,3,Opel,381
2009,3,Peugeot,361
2009,3,Skoda,337
2009,3,Volvo,332
2009,3,BMW,330
2009,3,Audi,323
2009,3,Hyundai,317
2009,3,Mitsubishi,276
2009,3,Nissan,271
2009,3,Mercedes-Benz,248
2009,3,Subaru,247
2009,3,Citroen,179
2009,3,Suzuki,120
2009,3,Renault,63
2009,3,Kia,60
2009,3,Fiat,46
2009,3,Saab,34
2009,3,Think,29
2009,3,Jeep,27
2009,3,Chevrolet,13
2009,3,Dodge,12
2009,3,MINI,12
2009,3,Land Rover,12
2009,3,Lexus,10
2009,3,Alfa Romeo,9
2009,3,Daihatsu,6
2009,3,Nilsson,4
2009,3,Smart,2
2009,3,Chrysler,2
2009,3,Jaguar,2
2009,3,Porsche,2
2009,3,Morgan,1
2009,3,Cadillac,1
2009,4,Volkswagen,1207
2009,4,Toyota,993
2009,4,Ford,608
2009,4,Peugeot,479
2009,4,Volvo,434
2009,4,Skoda,406
2009,4,Audi,389
2009,4,Opel,370
2009,4,Honda,328
2009,4,BMW,278
2009,4,Nissan,266
2009,4,Hyundai,244
2009,4,Mercedes-Benz,215
2009,4,Mazda,214
2009,4,Subaru,190
2009,4,Citroen,180
2009,4,Mitsubishi,170
2009,4,Suzuki,164
2009,4,Renault,89
2009,4,Fiat,49
2009,4,Kia,34
2009,4,Saab,32
2009,4,MINI,30
2009,4,Dodge,27
2009,4,Chevrolet,18
2009,4,Think,14
2009,4,Jeep,14
2009,4,Land Rover,14
2009,4,Lexus,11
2009,4,Jaguar,11
2009,4,Smart,10
2009,4,Daihatsu,4
2009,4,Alfa Romeo,3
2009,4,Morgan,3
2009,4,Chrysler,2
2009,4,Nilsson,1
2009,4,Porsche,1
2009,4,Cadillac,1
2009,4,Ssangyong,1
2009,5,Volkswagen,1094
2009,5,Toyota,1056
2009,5,Ford,661
2009,5,Opel,426
2009,5,Skoda,425
2009,5,Audi,416
2009,5,BMW,389
2009,5,Volvo,379
2009,5,Peugeot,339
2009,5,Mercedes-Benz,279
2009,5,Honda,271
2009,5,Hyundai,257
2009,5,Nissan,235
2009,5,Subaru,218
2009,5,Citroen,171
2009,5,Mazda,142
2009,5,Mitsubishi,138
2009,5,Suzuki,124
2009,5,Fiat,116
2009,5,Renault,56
2009,5,Kia,47
2009,5,Saab,42
2009,5,MINI,29
2009,5,Dodge,23
2009,5,Chevrolet,20
2009,5,Jeep,15
2009,5,Lexus,13
2009,5,Smart,8
2009,5,Land Rover,7
2009,5,Alfa Romeo,7
2009,5,Porsche,6
2009,5,Nilsson,3
2009,5,Daihatsu,2
2009,5,Jaguar,2
2009,5,Chrysler,2
2009,5,Think,1
2009,5,Isuzu,1
2009,5,Ssangyong,1
2009,6,Volkswagen,965
2009,6,Toyota,888
2009,6,Ford,845
2009,6,Volvo,590
2009,6,Audi,488
2009,6,Opel,432
2009,6,BMW,383
2009,6,Mercedes-Benz,322
2009,6,Mazda,314
2009,6,Peugeot,308
2009,6,Skoda,280
2009,6,Nissan,267
2009,6,Hyundai,257
2009,6,Subaru,229
2009,6,Honda,226
2009,6,Citroen,172
2009,6,Mitsubishi,147
2009,6,Suzuki,119
2009,6,Fiat,83
2009,6,Renault,61
2009,6,Kia,51
2009,6,Saab,30
2009,6,MINI,25
2009,6,Dodge,24
2009,6,Chevrolet,15
2009,6,Jeep,9
2009,6,Alfa Romeo,7
2009,6,Jaguar,7
2009,6,Lexus,6
2009,6,Smart,6
2009,6,Nilsson,6
2009,6,Chrysler,5
2009,6,Porsche,5
2009,6,Daihatsu,4
2009,6,Think,2
2009,6,Land Rover,2
2009,6,Ferrari,1
2009,7,Volkswagen,1356
2009,7,Toyota,1353
2009,7,Volvo,900
2009,7,Ford,824
2009,7,Audi,593
2009,7,Opel,424
2009,7,Mercedes-Benz,414
2009,7,Nissan,413
2009,7,Peugeot,408
2009,7,BMW,378
2009,7,Hyundai,360
2009,7,Honda,327
2009,7,Skoda,313
2009,7,Mazda,238
2009,7,Mitsubishi,193
2009,7,Suzuki,171
2009,7,Subaru,158
2009,7,Citroen,150
2009,7,Fiat,121
2009,7,Kia,65
2009,7,MINI,46
2009,7,Renault,35
2009,7,Saab,33
2009,7,Chevrolet,25
2009,7,Dodge,24
2009,7,Lexus,12
2009,7,Smart,12
2009,7,Jeep,11
2009,7,Land Rover,8
2009,7,Jaguar,7
2009,7,Think,6
2009,7,Alfa Romeo,5
2009,7,Daihatsu,3
2009,7,Porsche,3
2009,7,Morgan,2
2009,7,Chrysler,1
2009,7,Isuzu,1
2009,7,Ferrari,1
2009,8,Toyota,1482
2009,8,Volkswagen,1174
2009,8,Ford,552
2009,8,Audi,513
2009,8,Nissan,413
2009,8,BMW,377
2009,8,Mercedes-Benz,364
2009,8,Peugeot,359
2009,8,Volvo,321
2009,8,Hyundai,303
2009,8,Skoda,302
2009,8,Mitsubishi,277
2009,8,Opel,264
2009,8,Mazda,225
2009,8,Honda,215
2009,8,Citroen,189
2009,8,Subaru,147
2009,8,Suzuki,137
2009,8,Fiat,97
2009,8,Kia,50
2009,8,Renault,43
2009,8,Lexus,26
2009,8,Saab,24
2009,8,MINI,24
2009,8,Chevrolet,21
2009,8,Dodge,15
2009,8,Jeep,13
2009,8,Think,8
2009,8,Land Rover,8
2009,8,Alfa Romeo,7
2009,8,Smart,6
2009,8,Porsche,4
2009,8,Jaguar,2
2009,8,Daihatsu,2
2009,8,Ferrari,2
2009,8,Chrysler,1
2009,9,Toyota,1697
2009,9,Volkswagen,1358
2009,9,Ford,956
2009,9,Volvo,767
2009,9,BMW,447
2009,9,Audi,422
2009,9,Nissan,406
2009,9,Mercedes-Benz,372
2009,9,Peugeot,370
2009,9,Skoda,342
2009,9,Mazda,337
2009,9,Opel,284
2009,9,Hyundai,283
2009,9,Mitsubishi,273
2009,9,Subaru,266
2009,9,Honda,227
2009,9,Suzuki,219
2009,9,Fiat,134
2009,9,Citroen,119
2009,9,Renault,45
2009,9,Kia,41
2009,9,MINI,33
2009,9,Dodge,26
2009,9,Saab,21
2009,9,Chevrolet,14
2009,9,Jeep,13
2009,9,Lexus,12
2009,9,Land Rover,11
2009,9,Smart,9
2009,9,Jaguar,7
2009,9,Porsche,5
2009,9,NA,4
2009,9,Daihatsu,3
2009,9,Chrysler,3
2009,9,Alfa Romeo,1
2009,9,Nilsson,1
2009,9,Ssangyong,1
2009,9,Seat,1
2009,10,Toyota,1709
2009,10,Volkswagen,1458
2009,10,Ford,1045
2009,10,Volvo,765
2009,10,Peugeot,590
2009,10,Audi,510
2009,10,Skoda,463
2009,10,BMW,450
2009,10,Mercedes-Benz,434
2009,10,Nissan,399
2009,10,Opel,360
2009,10,Hyundai,354
2009,10,Honda,282
2009,10,Subaru,221
2009,10,Citroen,203
2009,10,Mazda,196
2009,10,Suzuki,155
2009,10,Mitsubishi,127
2009,10,Kia,104
2009,10,Fiat,103
2009,10,Renault,68
2009,10,Saab,62
2009,10,MINI,33
2009,10,Jeep,17
2009,10,Dodge,15
2009,10,Lexus,15
2009,10,Chevrolet,10
2009,10,Jaguar,7
2009,10,Land Rover,6
2009,10,Porsche,5
2009,10,Daihatsu,4
2009,10,NA,4
2009,10,Tesla,4
2009,10,Smart,3
2009,10,Lancia,2
2009,10,Chrysler,1
2009,10,Ssangyong,1
2009,10,Cadillac,1
2009,10,Iveco,1
2009,11,Volkswagen,1529
2009,11,Toyota,1450
2009,11,Ford,1142
2009,11,Volvo,956
2009,11,Audi,549
2009,11,BMW,424
2009,11,Skoda,408
2009,11,Peugeot,403
2009,11,Nissan,373
2009,11,Mercedes-Benz,352
2009,11,Subaru,291
2009,11,Opel,245
2009,11,Mazda,227
2009,11,Hyundai,218
2009,11,Mitsubishi,213
2009,11,Suzuki,174
2009,11,Citroen,162
2009,11,Honda,114
2009,11,Fiat,98
2009,11,Kia,59
2009,11,Renault,56
2009,11,Saab,32
2009,11,Chevrolet,25
2009,11,MINI,21
2009,11,Dodge,17
2009,11,Lexus,16
2009,11,Jeep,13
2009,11,Jaguar,13
2009,11,Land Rover,9
2009,11,Porsche,5
2009,11,Alfa Romeo,4
2009,11,Smart,2
2009,12,Volkswagen,1571
2009,12,Ford,1413
2009,12,Volvo,1217
2009,12,Toyota,1117
2009,12,Audi,677
2009,12,BMW,551
2009,12,Mercedes-Benz,493
2009,12,Skoda,446
2009,12,Mitsubishi,394
2009,12,Subaru,335
2009,12,Nissan,296
2009,12,Opel,256
2009,12,Mazda,252
2009,12,Citroen,235
2009,12,Suzuki,180
2009,12,Honda,174
2009,12,Peugeot,173
2009,12,Hyundai,136
2009,12,Renault,53
2009,12,Fiat,48
2009,12,Kia,43
2009,12,Chevrolet,39
2009,12,Land Rover,28
2009,12,Saab,26
2009,12,Dodge,23
2009,12,MINI,20
2009,12,Jeep,15
2009,12,Jaguar,10
2009,12,Porsche,9
2009,12,Chrysler,5
2009,12,Lexus,4
2009,12,Think,4
2009,12,Ssangyong,3
2009,12,Smart,2
2009,12,Tesla,1
2009,12,Lancia,1
2010,1,Toyota,1894
2010,1,Volkswagen,1524
2010,1,Ford,849
2010,1,Peugeot,842
2010,1,Volvo,652
2010,1,Skoda,442
2010,1,Audi,432
2010,1,Nissan,342
2010,1,Mercedes-Benz,328
2010,1,Opel,315
2010,1,Suzuki,303
2010,1,BMW,260
2010,1,Hyundai,242
2010,1,Citroen,206
2010,1,Mazda,187
2010,1,Subaru,161
2010,1,Honda,127
2010,1,Mitsubishi,126
2010,1,Fiat,107
2010,1,Kia,94
2010,1,Renault,88
2010,1,Alfa Romeo,63
2010,1,Lexus,29
2010,1,MINI,22
2010,1,Saab,20
2010,1,Dodge,15
2010,1,Chevrolet,6
2010,1,Jaguar,5
2010,1,Jeep,4
2010,1,Land Rover,3
2010,1,Smart,3
2010,1,Daihatsu,2
2010,1,Cadillac,1
2010,1,Chrysler,1
2010,1,Lancia,1
2010,1,Porsche,1
2010,2,Volkswagen,1411
2010,2,Toyota,1287
2010,2,Volvo,842
2010,2,Ford,602
2010,2,Skoda,554
2010,2,Peugeot,500
2010,2,BMW,416
2010,2,Audi,411
2010,2,Mercedes-Benz,342
2010,2,Nissan,332
2010,2,Mitsubishi,308
2010,2,Opel,283
2010,2,Suzuki,264
2010,2,Hyundai,263
2010,2,Subaru,244
2010,2,Honda,200
2010,2,Citroen,196
2010,2,Mazda,193
2010,2,Fiat,116
2010,2,Kia,96
2010,2,Renault,67
2010,2,Alfa Romeo,49
2010,2,MINI,32
2010,2,Saab,23
2010,2,Dodge,15
2010,2,Lexus,10
2010,2,Land Rover,8
2010,2,Daihatsu,7
2010,2,Jaguar,5
2010,2,Jeep,5
2010,2,Smart,5
2010,2,Porsche,4
2010,2,Chevrolet,2
2010,2,Iveco,1
2010,2,Think,1
2010,3,Volkswagen,1585
2010,3,Toyota,1474
2010,3,Ford,989
2010,3,Volvo,936
2010,3,Peugeot,704
2010,3,Audi,587
2010,3,Skoda,566
2010,3,Opel,501
2010,3,Hyundai,493
2010,3,Nissan,476
2010,3,BMW,453
2010,3,Mazda,423
2010,3,Mercedes-Benz,361
2010,3,Mitsubishi,336
2010,3,Citroen,287
2010,3,Subaru,270
2010,3,Honda,260
2010,3,Suzuki,195
2010,3,Fiat,161
2010,3,Kia,153
2010,3,Renault,67
2010,3,MINI,49
2010,3,Alfa Romeo,47
2010,3,Think,39
2010,3,Lexus,17
2010,3,Saab,14
2010,3,Daihatsu,11
2010,3,Land Rover,9
2010,3,Dodge,7
2010,3,Porsche,6
2010,3,Jeep,3
2010,3,Chevrolet,2
2010,3,Smart,1
2010,3,Cadillac,1
2010,3,Morgan,1
2010,3,Tata,1
2010,3,Tesla,1
2010,4,Volkswagen,1906
2010,4,Toyota,1280
2010,4,Volvo,868
2010,4,Audi,774
2010,4,Peugeot,628
2010,4,Skoda,612
2010,4,Ford,567
2010,4,Nissan,471
2010,4,BMW,413
2010,4,Opel,404
2010,4,Hyundai,365
2010,4,Mitsubishi,356
2010,4,Mercedes-Benz,347
2010,4,Suzuki,278
2010,4,Subaru,275
2010,4,Honda,233
2010,4,Citroen,218
2010,4,Mazda,212
2010,4,Kia,117
2010,4,Renault,92
2010,4,Fiat,84
2010,4,Think,40
2010,4,MINI,27
2010,4,Lexus,24
2010,4,Saab,17
2010,4,Alfa Romeo,15
2010,4,Daihatsu,12
2010,4,Land Rover,12
2010,4,Dodge,8
2010,4,Morgan,4
2010,4,Jeep,3
2010,4,Porsche,3
2010,4,Chevrolet,3
2010,4,Jaguar,3
2010,4,Tesla,2
2010,4,Ssangyong,2
2010,4,Cadillac,1
2010,4,Chrysler,1
2010,5,Volkswagen,1591
2010,5,Toyota,1213
2010,5,Ford,844
2010,5,Volvo,728
2010,5,Audi,617
2010,5,Peugeot,506
2010,5,Skoda,500
2010,5,BMW,489
2010,5,Nissan,440
2010,5,Mercedes-Benz,373
2010,5,Opel,342
2010,5,Mitsubishi,320
2010,5,Hyundai,304
2010,5,Mazda,267
2010,5,Citroen,240
2010,5,Suzuki,214
2010,5,Subaru,211
2010,5,Honda,168
2010,5,Kia,150
2010,5,Fiat,141
2010,5,Renault,65
2010,5,Think,40
2010,5,MINI,35
2010,5,Lexus,20
2010,5,Alfa Romeo,19
2010,5,Saab,14
2010,5,Land Rover,7
2010,5,Smart,7
2010,5,Dodge,5
2010,5,Daihatsu,5
2010,5,Porsche,5
2010,5,Jaguar,5
2010,5,Chrysler,4
2010,5,Aston Martin,3
2010,5,Chevrolet,2
2010,5,Morgan,1
2010,5,Ferrari,1
2010,6,Toyota,1488
2010,6,Volkswagen,1425
2010,6,Ford,1241
2010,6,Volvo,882
2010,6,Audi,535
2010,6,Skoda,534
2010,6,Peugeot,528
2010,6,BMW,515
2010,6,Opel,488
2010,6,Nissan,479
2010,6,Hyundai,464
2010,6,Citroen,407
2010,6,Mercedes-Benz,356
2010,6,Mitsubishi,325
2010,6,Honda,290
2010,6,Subaru,253
2010,6,Mazda,198
2010,6,Suzuki,178
2010,6,Kia,140
2010,6,Fiat,102
2010,6,Renault,73
2010,6,MINI,34
2010,6,Alfa Romeo,26
2010,6,Porsche,22
2010,6,Lexus,20
2010,6,Saab,19
2010,6,Land Rover,18
2010,6,Iveco,15
2010,6,Think,13
2010,6,Jaguar,12
2010,6,Daihatsu,8
2010,6,Smart,8
2010,6,Dodge,7
2010,6,Morgan,4
2010,6,Tesla,4
2010,6,Chevrolet,3
2010,6,Aston Martin,3
2010,6,Bentley,1
2010,6,Chevrolet US,1
2010,7,Volkswagen,1916
2010,7,Toyota,1694
2010,7,Volvo,1018
2010,7,Ford,1013
2010,7,Audi,659
2010,7,Peugeot,635
2010,7,Skoda,622
2010,7,Hyundai,472
2010,7,BMW,442
2010,7,Nissan,410
2010,7,Mercedes-Benz,372
2010,7,Opel,341
2010,7,Mitsubishi,297
2010,7,Subaru,279
2010,7,Citroen,251
2010,7,Suzuki,248
2010,7,Mazda,205
2010,7,Kia,153
2010,7,Honda,140
2010,7,Fiat,89
2010,7,Renault,59
2010,7,Alfa Romeo,56
2010,7,Saab,34
2010,7,MINI,19
2010,7,Porsche,16
2010,7,Think,11
2010,7,Lexus,11
2010,7,Smart,11
2010,7,Dodge,7
2010,7,Land Rover,7
2010,7,Daihatsu,6
2010,7,Jaguar,5
2010,7,Iveco,5
2010,7,Chevrolet,1
2010,7,Aston Martin,1
2010,7,Chrysler,1
2010,7,Isuzu,1
2010,8,Toyota,1529
2010,8,Volkswagen,1458
2010,8,Ford,1102
2010,8,Peugeot,597
2010,8,Audi,560
2010,8,Volvo,530
2010,8,Skoda,507
2010,8,BMW,447
2010,8,Mercedes-Benz,389
2010,8,Mitsubishi,387
2010,8,Citroen,384
2010,8,Opel,380
2010,8,Nissan,365
2010,8,Hyundai,319
2010,8,Subaru,293
2010,8,Honda,257
2010,8,Suzuki,187
2010,8,Mazda,184
2010,8,Kia,155
2010,8,Fiat,124
2010,8,Think,54
2010,8,Renault,33
2010,8,Saab,33
2010,8,Alfa Romeo,25
2010,8,MINI,25
2010,8,Porsche,21
2010,8,Lexus,20
2010,8,Smart,13
2010,8,Land Rover,7
2010,8,Dodge,6
2010,8,Daihatsu,6
2010,8,Jaguar,6
2010,8,Jeep,5
2010,8,Morgan,2
2010,8,Iveco,1
2010,8,Chrysler,1
2010,8,Tesla,1
2010,8,Chevrolet US,1
2010,9,Volkswagen,1575
2010,9,Toyota,1461
2010,9,Ford,1190
2010,9,Volvo,827
2010,9,Peugeot,690
2010,9,Mitsubishi,681
2010,9,Skoda,559
2010,9,BMW,556
2010,9,Audi,467
2010,9,Nissan,441
2010,9,Mercedes-Benz,403
2010,9,Hyundai,338
2010,9,Subaru,338
2010,9,Mazda,280
2010,9,Citroen,268
2010,9,Opel,260
2010,9,Suzuki,200
2010,9,Honda,198
2010,9,Kia,123
2010,9,Fiat,77
2010,9,Think,48
2010,9,MINI,36
2010,9,Saab,23
2010,9,Porsche,23
2010,9,Alfa Romeo,17
2010,9,Renault,12
2010,9,Daihatsu,11
2010,9,Smart,10
2010,9,Lexus,9
2010,9,Land Rover,7
2010,9,Jaguar,2
2010,9,Chrysler,2
2010,9,Dodge,1
2010,9,Jeep,1
2010,9,Chevrolet,1
2010,9,Tesla,1
2010,9,Lancia,1
2010,10,Volkswagen,1659
2010,10,Toyota,1379
2010,10,Volvo,922
2010,10,Ford,887
2010,10,Peugeot,638
2010,10,Skoda,603
2010,10,Audi,526
2010,10,BMW,517
2010,10,Nissan,475
2010,10,Mitsubishi,465
2010,10,Mercedes-Benz,380
2010,10,Citroen,337
2010,10,Hyundai,312
2010,10,Opel,309
2010,10,Subaru,249
2010,10,Mazda,216
2010,10,Suzuki,205
2010,10,Honda,143
2010,10,Kia,123
2010,10,Fiat,110
2010,10,Saab,47
2010,10,Renault,45
2010,10,Think,38
2010,10,MINI,31
2010,10,Alfa Romeo,18
2010,10,Porsche,14
2010,10,Smart,13
2010,10,Jaguar,6
2010,10,Daihatsu,5
2010,10,Lexus,3
2010,10,Land Rover,3
2010,10,Tesla,2
2010,10,Dodge,1
2010,10,Jeep,1
2010,10,Isuzu,1
2010,11,Volkswagen,1824
2010,11,Toyota,1511
2010,11,Ford,1331
2010,11,Volvo,939
2010,11,Skoda,666
2010,11,BMW,647
2010,11,Audi,560
2010,11,Mitsubishi,548
2010,11,Peugeot,496
2010,11,Nissan,481
2010,11,Mercedes-Benz,448
2010,11,Hyundai,376
2010,11,Subaru,318
2010,11,Opel,315
2010,11,Citroen,304
2010,11,Honda,254
2010,11,Mazda,212
2010,11,Suzuki,195
2010,11,Kia,124
2010,11,Saab,70
2010,11,Fiat,63
2010,11,Renault,53
2010,11,MINI,47
2010,11,Think,29
2010,11,Alfa Romeo,23
2010,11,Porsche,18
2010,11,Smart,17
2010,11,Lexus,9
2010,11,Iveco,8
2010,11,Daihatsu,7
2010,11,Jaguar,5
2010,11,Land Rover,4
2010,11,Chevrolet,1
2010,11,Tesla,1
2010,11,Isuzu,1
2010,11,Ssangyong,1
2010,11,Ferrari,1
2010,11,Nilsson,1
2010,12,Volvo,1314
2010,12,Volkswagen,1298
2010,12,Ford,1226
2010,12,Toyota,668
2010,12,Skoda,590
2010,12,Audi,526
2010,12,Mitsubishi,525
2010,12,BMW,502
2010,12,Mercedes-Benz,463
2010,12,Peugeot,398
2010,12,Nissan,316
2010,12,Citroen,315
2010,12,Honda,301
2010,12,Hyundai,276
2010,12,Subaru,246
2010,12,Opel,242
2010,12,Mazda,221
2010,12,Suzuki,220
2010,12,Fiat,93
2010,12,Kia,79
2010,12,Saab,76
2010,12,Renault,53
2010,12,Alfa Romeo,49
2010,12,MINI,41
2010,12,Porsche,25
2010,12,Land Rover,19
2010,12,Think,18
2010,12,Smart,10
2010,12,Lexus,7
2010,12,Daihatsu,7
2010,12,Jaguar,5
2010,12,Jeep,2
2010,12,Tesla,2
2010,12,Ssangyong,2
2010,12,Chevrolet,1
2011,1,Volkswagen,1665
2011,1,Toyota,1557
2011,1,Ford,840
2011,1,Volvo,656
2011,1,Peugeot,548
2011,1,Skoda,516
2011,1,Nissan,509
2011,1,BMW,463
2011,1,Suzuki,424
2011,1,Audi,421
2011,1,Mitsubishi,409
2011,1,Hyundai,383
2011,1,Opel,375
2011,1,Mercedes-Benz,361
2011,1,Citroen,291
2011,1,Subaru,194
2011,1,Honda,164
2011,1,Kia,146
2011,1,Mazda,132
2011,1,Alfa Romeo,62
2011,1,Renault,62
2011,1,MINI,49
2011,1,Fiat,39
2011,1,Saab,34
2011,1,Lexus,17
2011,1,Porsche,15
2011,1,Think,12
2011,1,Smart,11
2011,1,Daihatsu,6
2011,1,Jaguar,3
2011,1,Chrysler,2
2011,1,Nilsson,2
2011,1,Chevrolet,1
2011,1,Jeep,1
2011,1,Land Rover,1
2011,1,Tesla,1
2011,2,Volkswagen,1501
2011,2,Toyota,1270
2011,2,Ford,997
2011,2,Volvo,932
2011,2,Audi,633
2011,2,Skoda,601
2011,2,Mitsubishi,488
2011,2,BMW,483
2011,2,Nissan,481
2011,2,Peugeot,463
2011,2,Hyundai,401
2011,2,Opel,367
2011,2,Mercedes-Benz,342
2011,2,Suzuki,254
2011,2,Citroen,252
2011,2,Subaru,237
2011,2,Kia,192
2011,2,Mazda,175
2011,2,Honda,146
2011,2,Fiat,63
2011,2,Saab,58
2011,2,MINI,45
2011,2,Think,39
2011,2,Alfa Romeo,38
2011,2,Renault,33
2011,2,Porsche,13
2011,2,Smart,12
2011,2,Daihatsu,7
2011,2,Nilsson,5
2011,2,Lexus,4
2011,2,Jaguar,4
2011,2,Land Rover,3
2011,2,Chevrolet,2
2011,2,Chrysler,1
2011,2,Tesla,1
2011,3,Volkswagen,1908
2011,3,Toyota,1604
2011,3,Ford,1105
2011,3,Volvo,1104
2011,3,Mitsubishi,872
2011,3,Peugeot,701
2011,3,Audi,676
2011,3,Skoda,546
2011,3,BMW,540
2011,3,Opel,526
2011,3,Nissan,525
2011,3,Hyundai,508
2011,3,Subaru,334
2011,3,Suzuki,318
2011,3,Citroen,316
2011,3,Mercedes-Benz,311
2011,3,Honda,265
2011,3,Kia,184
2011,3,Mazda,122
2011,3,Saab,76
2011,3,Lexus,73
2011,3,Renault,67
2011,3,Alfa Romeo,53
2011,3,Fiat,52
2011,3,MINI,51
2011,3,Think,14
2011,3,Porsche,10
2011,3,Smart,9
2011,3,Daihatsu,7
2011,3,Land Rover,7
2011,3,Jaguar,6
2011,3,Tesla,5
2011,3,Isuzu,2
2011,3,Nilsson,1
2011,3,Chevrolet,1
2011,3,Aston Martin,1
2011,3,Ssangyong,1
2011,4,Volkswagen,1845
2011,4,Toyota,1253
2011,4,Mitsubishi,987
2011,4,Volvo,878
2011,4,Ford,835
2011,4,Audi,653
2011,4,Skoda,653
2011,4,Peugeot,595
2011,4,BMW,521
2011,4,Nissan,467
2011,4,Opel,407
2011,4,Mercedes-Benz,358
2011,4,Hyundai,357
2011,4,Citroen,262
2011,4,Suzuki,241
2011,4,Mazda,169
2011,4,Kia,165
2011,4,Subaru,143
2011,4,Honda,143
2011,4,Lexus,69
2011,4,Renault,67
2011,4,MINI,61
2011,4,Saab,54
2011,4,Fiat,47
2011,4,Alfa Romeo,33
2011,4,Ssangyong,24
2011,4,Land Rover,9
2011,4,Smart,7
2011,4,Think,6
2011,4,Porsche,6
2011,4,Daihatsu,4
2011,4,Jaguar,3
2011,4,Tesla,3
2011,4,Chevrolet,2
2011,4,Aston Martin,2
2011,4,Dacia,1
2011,5,Volkswagen,1822
2011,5,Toyota,1306
2011,5,Volvo,1084
2011,5,Ford,1067
2011,5,Peugeot,1018
2011,5,Mitsubishi,827
2011,5,Audi,720
2011,5,BMW,714
2011,5,Skoda,585
2011,5,Opel,561
2011,5,Nissan,537
2011,5,Mercedes-Benz,463
2011,5,Hyundai,447
2011,5,Citroen,374
2011,5,Kia,239
2011,5,Honda,218
2011,5,Suzuki,211
2011,5,Mazda,178
2011,5,Subaru,175
2011,5,Renault,120
2011,5,Fiat,75
2011,5,MINI,67
2011,5,Alfa Romeo,61
2011,5,Lexus,41
2011,5,Saab,24
2011,5,Ssangyong,19
2011,5,Think,14
2011,5,Porsche,13
2011,5,Land Rover,8
2011,5,Smart,7
2011,5,Tesla,4
2011,5,Daihatsu,1
2011,5,Nilsson,1
2011,5,Chevrolet,1
2011,5,Isuzu,1
2011,5,Ferrari,1
2011,5,Morgan,1
2011,6,Volkswagen,1222
2011,6,Ford,1085
2011,6,Toyota,876
2011,6,Volvo,853
2011,6,Audi,658
2011,6,Skoda,623
2011,6,Mitsubishi,578
2011,6,Peugeot,571
2011,6,BMW,533
2011,6,Hyundai,522
2011,6,Opel,423
2011,6,Nissan,418
2011,6,Mercedes-Benz,394
2011,6,Citroen,345
2011,6,Honda,232
2011,6,Suzuki,203
2011,6,Mazda,173
2011,6,Kia,171
2011,6,Subaru,122
2011,6,Renault,79
2011,6,Fiat,67
2011,6,MINI,57
2011,6,Alfa Romeo,34
2011,6,Think,26
2011,6,Lexus,22
2011,6,Saab,19
2011,6,Porsche,17
2011,6,Smart,8
2011,6,Ssangyong,6
2011,6,Land Rover,4
2011,6,Tesla,4
2011,6,Daihatsu,3
2011,6,Jaguar,2
2011,6,Aston Martin,1
2011,6,Jeep,1
2011,6,Morgan,1
2011,6,Lancia,1
2011,7,Volkswagen,1590
2011,7,Toyota,1325
2011,7,Volvo,1134
2011,7,Ford,901
2011,7,Mitsubishi,707
2011,7,Skoda,646
2011,7,Peugeot,635
2011,7,Audi,630
2011,7,BMW,496
2011,7,Nissan,456
2011,7,Opel,419
2011,7,Mercedes-Benz,403
2011,7,Hyundai,341
2011,7,Citroen,307
2011,7,Suzuki,252
2011,7,Kia,192
2011,7,Mazda,165
2011,7,Subaru,141
2011,7,Honda,101
2011,7,MINI,86
2011,7,Renault,83
2011,7,Fiat,51
2011,7,Alfa Romeo,45
2011,7,Lexus,24
2011,7,Porsche,15
2011,7,Ssangyong,10
2011,7,Saab,7
2011,7,Smart,6
2011,7,Land Rover,6
2011,7,Jaguar,5
2011,7,Think,3
2011,7,Tesla,3
2011,7,Nilsson,2
2011,7,Daihatsu,1
2011,7,Chevrolet,1
2011,8,Volkswagen,1827
2011,8,Toyota,1284
2011,8,Ford,1248
2011,8,Volvo,687
2011,8,Skoda,648
2011,8,Mitsubishi,635
2011,8,Hyundai,622
2011,8,Audi,588
2011,8,Peugeot,557
2011,8,BMW,449
2011,8,Nissan,403
2011,8,Opel,400
2011,8,Mercedes-Benz,375
2011,8,Suzuki,300
2011,8,Citroen,283
2011,8,Kia,241
2011,8,Subaru,190
2011,8,Honda,181
2011,8,Mazda,134
2011,8,MINI,87
2011,8,Renault,82
2011,8,Fiat,69
2011,8,Lexus,53
2011,8,Alfa Romeo,50
2011,8,Porsche,20
2011,8,Saab,10
2011,8,Smart,9
2011,8,Land Rover,9
2011,8,Think,6
2011,8,Ssangyong,6
2011,8,Chevrolet,3
2011,8,Dacia,2
2011,8,Daihatsu,1
2011,8,Jaguar,1
2011,8,Tesla,1
2011,8,Aston Martin,1
2011,8,Morgan,1
2011,8,Infiniti,1
2011,9,Volkswagen,1674
2011,9,Toyota,1313
2011,9,Volvo,1178
2011,9,Ford,1107
2011,9,Peugeot,729
2011,9,Skoda,691
2011,9,Audi,581
2011,9,Nissan,548
2011,9,Mitsubishi,537
2011,9,BMW,531
2011,9,Hyundai,450
2011,9,Mercedes-Benz,363
2011,9,Opel,326
2011,9,Citroen,290
2011,9,Suzuki,267
2011,9,Kia,237
2011,9,Honda,199
2011,9,Subaru,178
2011,9,Mazda,107
2011,9,MINI,85
2011,9,Fiat,73
2011,9,Lexus,70
2011,9,Renault,65
2011,9,Alfa Romeo,41
2011,9,Land Rover,24
2011,9,Ssangyong,15
2011,9,Saab,10
2011,9,Porsche,10
2011,9,Smart,10
2011,9,Jaguar,10
2011,9,Think,5
2011,9,Aston Martin,4
2011,9,Chevrolet,2
2011,9,Jeep,2
2011,9,Daihatsu,1
2011,9,Tesla,1
2011,9,Iveco,1
2011,9,Lotus,1
2011,9,Secma,1
2011,10,Volkswagen,1854
2011,10,Toyota,1218
2011,10,Ford,1147
2011,10,Volvo,1061
2011,10,Skoda,770
2011,10,BMW,639
2011,10,Audi,587
2011,10,Peugeot,535
2011,10,Mitsubishi,502
2011,10,Nissan,438
2011,10,Hyundai,432
2011,10,Mercedes-Benz,373
2011,10,Citroen,370
2011,10,Opel,308
2011,10,Subaru,242
2011,10,Suzuki,224
2011,10,Kia,200
2011,10,Honda,131
2011,10,Mazda,97
2011,10,MINI,83
2011,10,Fiat,74
2011,10,Lexus,57
2011,10,Renault,55
2011,10,Land Rover,49
2011,10,Alfa Romeo,27
2011,10,Porsche,18
2011,10,Iveco,12
2011,10,Ssangyong,11
2011,10,Think,8
2011,10,Smart,5
2011,10,Chevrolet,4
2011,10,Saab,4
2011,10,Jaguar,2
2011,10,Dacia,2
2011,10,Jeep,1
2011,10,Tesla,1
2011,10,Daihatsu,1
2011,10,Lotus,1
2011,11,Volkswagen,1960
2011,11,Toyota,1298
2011,11,Ford,1282
2011,11,Volvo,1193
2011,11,Mitsubishi,702
2011,11,Peugeot,622
2011,11,Nissan,618
2011,11,Audi,601
2011,11,Skoda,593
2011,11,BMW,591
2011,11,Hyundai,543
2011,11,Mercedes-Benz,406
2011,11,Opel,339
2011,11,Citroen,302
2011,11,Suzuki,250
2011,11,Kia,246
2011,11,Subaru,190
2011,11,Mazda,166
2011,11,Honda,106
2011,11,Renault,77
2011,11,MINI,63
2011,11,Fiat,53
2011,11,Land Rover,49
2011,11,Lexus,31
2011,11,Alfa Romeo,26
2011,11,Porsche,14
2011,11,Ssangyong,9
2011,11,Iveco,7
2011,11,Jaguar,6
2011,11,Smart,4
2011,11,Think,2
2011,11,Chevrolet,2
2011,11,Nilsson,2
2011,11,Aston Martin,2
2011,11,Daihatsu,1
2011,11,Tesla,1
2011,12,Volkswagen,2030
2011,12,Ford,1377
2011,12,Volvo,1235
2011,12,Toyota,932
2011,12,Skoda,748
2011,12,Audi,603
2011,12,Mitsubishi,598
2011,12,Hyundai,498
2011,12,Peugeot,453
2011,12,Nissan,432
2011,12,Kia,401
2011,12,Mercedes-Benz,395
2011,12,BMW,328
2011,12,Citroen,274
2011,12,Opel,265
2011,12,Subaru,221
2011,12,Mazda,144
2011,12,Suzuki,138
2011,12,Honda,122
2011,12,Renault,90
2011,12,MINI,79
2011,12,Land Rover,46
2011,12,Fiat,43
2011,12,Alfa Romeo,34
2011,12,Lexus,16
2011,12,Ssangyong,10
2011,12,Porsche,8
2011,12,Jeep,7
2011,12,Smart,6
2011,12,Jaguar,4
2011,12,Tesla,3
2011,12,Chevrolet,3
2011,12,Saab,2
2011,12,Think,2
2011,12,Daihatsu,1
2011,12,Iveco,1
2011,12,Chevrolet US,1
2012,1,Volkswagen,1528
2012,1,Toyota,1388
2012,1,Volvo,911
2012,1,Ford,828
2012,1,Audi,789
2012,1,BMW,721
2012,1,Nissan,673
2012,1,Peugeot,493
2012,1,Mercedes-Benz,461
2012,1,Skoda,430
2012,1,Mitsubishi,406
2012,1,Opel,327
2012,1,Hyundai,312
2012,1,Kia,302
2012,1,Suzuki,250
2012,1,Citroen,239
2012,1,Subaru,168
2012,1,Mazda,122
2012,1,Lexus,94
2012,1,MINI,86
2012,1,Land Rover,69
2012,1,Honda,58
2012,1,Porsche,46
2012,1,Fiat,41
2012,1,Renault,41
2012,1,Alfa Romeo,20
2012,1,Jeep,19
2012,1,Ssangyong,4
2012,1,Smart,3
2012,1,Tesla,2
2012,1,Aston Martin,1
2012,1,Bentley,1
2012,1,Cadillac,1
2012,1,Chevrolet,1
2012,1,Ferrari,1
2012,1,Jaguar,1
2012,1,Saab,1
2012,2,Toyota,1465
2012,2,Volkswagen,1340
2012,2,Ford,862
2012,2,Volvo,800
2012,2,Audi,641
2012,2,Nissan,614
2012,2,BMW,598
2012,2,Skoda,543
2012,2,Peugeot,527
2012,2,Hyundai,485
2012,2,Mercedes-Benz,429
2012,2,Kia,424
2012,2,Mitsubishi,369
2012,2,Citroen,331
2012,2,Opel,321
2012,2,Subaru,312
2012,2,Suzuki,171
2012,2,Honda,145
2012,2,Mazda,144
2012,2,Land Rover,100
2012,2,MINI,77
2012,2,Renault,60
2012,2,Fiat,46
2012,2,Lexus,33
2012,2,Alfa Romeo,27
2012,2,Jeep,21
2012,2,Porsche,20
2012,2,Ssangyong,3
2012,2,Smart,3
2012,2,Jaguar,3
2012,2,Chevrolet,2
2012,2,Saab,2
2012,2,Bentley,1
2012,2,Cadillac,1
2012,2,Ferrari,1
2012,2,Dacia,1
2012,2,Martin Motors,1
2012,2,Nilsson,1
2012,2,Think,1
2012,3,Toyota,1834
2012,3,Volkswagen,1701
2012,3,Ford,1255
2012,3,Volvo,1127
2012,3,Audi,747
2012,3,BMW,672
2012,3,Nissan,669
2012,3,Hyundai,602
2012,3,Skoda,531
2012,3,Mercedes-Benz,518
2012,3,Peugeot,484
2012,3,Mitsubishi,437
2012,3,Kia,411
2012,3,Opel,376
2012,3,Subaru,315
2012,3,Citroen,313
2012,3,Suzuki,229
2012,3,Mazda,192
2012,3,Honda,161
2012,3,Land Rover,87
2012,3,Fiat,80
2012,3,MINI,65
2012,3,Renault,65
2012,3,Lexus,52
2012,3,Alfa Romeo,48
2012,3,Porsche,20
2012,3,Jeep,20
2012,3,Jaguar,17
2012,3,Ssangyong,5
2012,3,Smart,5
2012,3,Tesla,4
2012,3,Think,3
2012,3,Chevrolet,2
2012,3,Morgan,2
2012,3,Saab,1
2012,3,Ferrari,1
2012,4,Volkswagen,2107
2012,4,Toyota,1364
2012,4,Volvo,928
2012,4,Ford,741
2012,4,Audi,703
2012,4,Skoda,652
2012,4,BMW,625
2012,4,Nissan,436
2012,4,Mercedes-Benz,415
2012,4,Mitsubishi,396
2012,4,Hyundai,392
2012,4,Peugeot,391
2012,4,Kia,338
2012,4,Opel,301
2012,4,Citroen,204
2012,4,Mazda,183
2012,4,Subaru,174
2012,4,Suzuki,114
2012,4,Honda,84
2012,4,MINI,67
2012,4,Land Rover,65
2012,4,Fiat,47
2012,4,Lexus,39
2012,4,Renault,34
2012,4,Porsche,23
2012,4,Jeep,20
2012,4,Alfa Romeo,19
2012,4,Tesla,4
2012,4,Smart,3
2012,4,Think,2
2012,4,Ssangyong,1
2012,4,Morgan,1
2012,4,Aston Martin,1
2012,4,Dacia,1
2012,4,NA,1
2012,5,Volkswagen,1712
2012,5,Toyota,1508
2012,5,Volvo,1099
2012,5,Ford,1019
2012,5,Audi,825
2012,5,Hyundai,683
2012,5,BMW,670
2012,5,Peugeot,655
2012,5,Nissan,589
2012,5,Mitsubishi,477
2012,5,Skoda,469
2012,5,Kia,455
2012,5,Mercedes-Benz,449
2012,5,Citroen,338
2012,5,Subaru,321
2012,5,Opel,318
2012,5,Mazda,225
2012,5,Suzuki,198
2012,5,Honda,167
2012,5,MINI,103
2012,5,Land Rover,58
2012,5,Renault,57
2012,5,Lexus,52
2012,5,Fiat,51
2012,5,Porsche,32
2012,5,Jeep,29
2012,5,Alfa Romeo,27
2012,5,Smart,9
2012,5,Jaguar,3
2012,5,Tesla,3
2012,5,Ssangyong,2
2012,5,Chevrolet,2
2012,5,Saab,2
2012,5,Think,1
2012,5,Cadillac,1
2012,5,Fisker,1
2012,5,Iveco,1
2012,5,Westfield,1
2012,6,Volkswagen,1480
2012,6,Toyota,1264
2012,6,Ford,1120
2012,6,Volvo,890
2012,6,BMW,621
2012,6,Audi,578
2012,6,Skoda,573
2012,6,Hyundai,522
2012,6,Peugeot,516
2012,6,Nissan,477
2012,6,Kia,380
2012,6,Mercedes-Benz,355
2012,6,Citroen,347
2012,6,Mitsubishi,340
2012,6,Mazda,303
2012,6,Opel,292
2012,6,Subaru,274
2012,6,Honda,191
2012,6,Suzuki,137
2012,6,Renault,110
2012,6,MINI,56
2012,6,Land Rover,52
2012,6,Fiat,46
2012,6,Lexus,35
2012,6,Porsche,30
2012,6,Jeep,17
2012,6,Alfa Romeo,16
2012,6,Tesla,5
2012,6,Jaguar,4
2012,6,Smart,4
2012,6,Ssangyong,4
2012,6,Chevrolet,2
2012,6,Fisker,2
2012,6,Nilsson,2
2012,6,Think,1
2012,6,Saab,1
2012,6,Ferrari,1
2012,6,Morgan,1
2012,6,Dacia,1
2012,6,Iveco,1
2012,6,NA,1
2012,6,Isuzu,1
2012,7,Volkswagen,2031
2012,7,Toyota,1342
2012,7,Volvo,917
2012,7,Ford,841
2012,7,Audi,836
2012,7,Skoda,781
2012,7,Nissan,595
2012,7,BMW,537
2012,7,Peugeot,512
2012,7,Hyundai,478
2012,7,Kia,404
2012,7,Mercedes-Benz,380
2012,7,Mitsubishi,374
2012,7,Subaru,371
2012,7,Mazda,319
2012,7,Opel,316
2012,7,Citroen,286
2012,7,Suzuki,135
2012,7,Honda,105
2012,7,Fiat,68
2012,7,Renault,66
2012,7,Land Rover,47
2012,7,MINI,46
2012,7,Lexus,44
2012,7,Porsche,38
2012,7,Alfa Romeo,17
2012,7,Jeep,15
2012,7,Ssangyong,5
2012,7,Tesla,3
2012,7,Saab,2
2012,7,Isuzu,2
2012,7,Jaguar,1
2012,7,Smart,1
2012,7,Chevrolet,1
2012,7,Think,1
2012,7,Fisker,1
2012,7,Aston Martin,1
2012,7,NA,1
2012,8,Volkswagen,1873
2012,8,Toyota,1547
2012,8,Ford,911
2012,8,Audi,767
2012,8,Peugeot,657
2012,8,Skoda,643
2012,8,Volvo,609
2012,8,BMW,579
2012,8,Nissan,553
2012,8,Kia,464
2012,8,Mercedes-Benz,457
2012,8,Hyundai,432
2012,8,Subaru,361
2012,8,Citroen,348
2012,8,Mitsubishi,341
2012,8,Opel,266
2012,8,Mazda,248
2012,8,Suzuki,164
2012,8,Honda,162
2012,8,Fiat,69
2012,8,MINI,61
2012,8,Renault,59
2012,8,Land Rover,49
2012,8,Lexus,42
2012,8,Alfa Romeo,39
2012,8,Porsche,34
2012,8,Jeep,21
2012,8,Smart,9
2012,8,Think,5
2012,8,Mia,5
2012,8,Jaguar,4
2012,8,Tesla,3
2012,8,Ssangyong,2
2012,8,Chevrolet,1
2012,8,Saab,1
2012,8,Bentley,1
2012,8,Dodge,1
2012,8,McLaren,1
2012,8,Seat,1
2012,9,Volkswagen,1445
2012,9,Toyota,1387
2012,9,Volvo,945
2012,9,Ford,930
2012,9,Audi,578
2012,9,Nissan,575
2012,9,BMW,572
2012,9,Mercedes-Benz,501
2012,9,Peugeot,490
2012,9,Kia,471
2012,9,Skoda,463
2012,9,Mitsubishi,429
2012,9,Subaru,400
2012,9,Hyundai,399
2012,9,Citroen,389
2012,9,Mazda,319
2012,9,Opel,299
2012,9,Suzuki,176
2012,9,Honda,117
2012,9,MINI,61
2012,9,Fiat,47
2012,9,Renault,30
2012,9,Lexus,25
2012,9,Alfa Romeo,24
2012,9,Porsche,16
2012,9,Land Rover,15
2012,9,Jeep,11
2012,9,Smart,5
2012,9,Ssangyong,4
2012,9,Tesla,3
2012,9,Think,3
2012,9,Chevrolet US,2
2012,9,Chevrolet,1
2012,9,Aston Martin,1
2012,9,Nilsson,1
2012,10,Volkswagen,1848
2012,10,Toyota,1640
2012,10,Ford,1017
2012,10,Volvo,969
2012,10,BMW,686
2012,10,Peugeot,669
2012,10,Audi,654
2012,10,Skoda,611
2012,10,Nissan,599
2012,10,Mercedes-Benz,466
2012,10,Kia,458
2012,10,Hyundai,432
2012,10,Mitsubishi,381
2012,10,Mazda,341
2012,10,Subaru,334
2012,10,Opel,319
2012,10,Citroen,280
2012,10,Suzuki,176
2012,10,Honda,143
2012,10,MINI,98
2012,10,Fiat,57
2012,10,Renault,56
2012,10,Land Rover,39
2012,10,Lexus,39
2012,10,Porsche,31
2012,10,Alfa Romeo,27
2012,10,Jeep,24
2012,10,Chevrolet,4
2012,10,Smart,3
2012,10,Tesla,3
2012,10,Jaguar,2
2012,10,Ssangyong,2
2012,10,Mia,2
2012,10,Morgan,1
2012,10,Nilsson,1
2012,10,Bentley,1
2012,11,Volkswagen,2064
2012,11,Toyota,1380
2012,11,Volvo,1090
2012,11,Ford,741
2012,11,Audi,702
2012,11,BMW,640
2012,11,Nissan,567
2012,11,Kia,560
2012,11,Peugeot,539
2012,11,Mercedes-Benz,523
2012,11,Skoda,517
2012,11,Mitsubishi,396
2012,11,Hyundai,371
2012,11,Opel,323
2012,11,Subaru,305
2012,11,Citroen,282
2012,11,Mazda,261
2012,11,Suzuki,207
2012,11,Honda,205
2012,11,MINI,77
2012,11,Fiat,55
2012,11,Chevrolet,39
2012,11,Renault,34
2012,11,Land Rover,33
2012,11,Lexus,24
2012,11,Porsche,19
2012,11,Alfa Romeo,13
2012,11,Jeep,7
2012,11,Jaguar,6
2012,11,Fisker,2
2012,11,Ssangyong,1
2012,11,Saab,1
2012,11,Cadillac,1
2012,11,Seat,1
2012,12,Volkswagen,1378
2012,12,Volvo,1265
2012,12,Toyota,784
2012,12,Ford,742
2012,12,Mercedes-Benz,662
2012,12,Skoda,580
2012,12,Audi,501
2012,12,Hyundai,449
2012,12,BMW,404
2012,12,Nissan,311
2012,12,Mitsubishi,308
2012,12,Peugeot,276
2012,12,Mazda,270
2012,12,Kia,250
2012,12,Citroen,226
2012,12,Subaru,224
2012,12,Honda,193
2012,12,Opel,158
2012,12,Suzuki,103
2012,12,Land Rover,70
2012,12,MINI,59
2012,12,Renault,45
2012,12,Fiat,24
2012,12,Chevrolet,22
2012,12,Porsche,19
2012,12,Lexus,14
2012,12,Alfa Romeo,6
2012,12,Jaguar,6
2012,12,Jeep,5
2012,12,Smart,3
2012,12,Ssangyong,3
2012,12,Dacia,3
2012,12,Tesla,2
2012,12,Think,1
2012,12,Mia,1
2012,12,Cadillac,1
2012,12,Binz,1
2013,1,Volkswagen,1680
2013,1,Toyota,1287
2013,1,Volvo,857
2013,1,Ford,679
2013,1,BMW,652
2013,1,Mazda,646
2013,1,Peugeot,639
2013,1,Nissan,626
2013,1,Mitsubishi,601
2013,1,Audi,597
2013,1,Mercedes-Benz,485
2013,1,Kia,444
2013,1,Opel,397
2013,1,Skoda,388
2013,1,Hyundai,321
2013,1,Citroen,274
2013,1,Honda,242
2013,1,Subaru,238
2013,1,Suzuki,176
2013,1,MINI,86
2013,1,Renault,57
2013,1,Land Rover,45
2013,1,Lexus,44
2013,1,Chevrolet,40
2013,1,Porsche,34
2013,1,Fiat,29
2013,1,Dacia,28
2013,1,Alfa Romeo,17
2013,1,Jaguar,14
2013,1,Jeep,11
2013,1,Nilsson,2
2013,1,Smart,1
2013,1,Ssangyong,1
2013,1,Think,1
2013,2,Volkswagen,1592
2013,2,Toyota,1500
2013,2,Volvo,826
2013,2,Ford,800
2013,2,Audi,641
2013,2,Mazda,604
2013,2,Mercedes-Benz,563
2013,2,Nissan,560
2013,2,BMW,533
2013,2,Skoda,481
2013,2,Peugeot,448
2013,2,Kia,441
2013,2,Mitsubishi,428
2013,2,Honda,332
2013,2,Hyundai,309
2013,2,Opel,308
2013,2,Subaru,270
2013,2,Citroen,199
2013,2,Suzuki,154
2013,2,Fiat,56
2013,2,MINI,54
2013,2,Land Rover,53
2013,2,Lexus,37
2013,2,Renault,32
2013,2,Chevrolet,30
2013,2,Dacia,23
2013,2,Porsche,20
2013,2,Alfa Romeo,7
2013,2,Jeep,7
2013,2,Jaguar,3
2013,2,Ssangyong,3
2013,2,Mia,3
2013,2,Think,1
2013,2,Aston Martin,1
2013,2,Bentley,1
2013,2,Fisker,1
2013,2,Saab,1
2013,3,Volkswagen,1440
2013,3,Toyota,1301
2013,3,Volvo,826
2013,3,Ford,666
2013,3,Nissan,620
2013,3,Mazda,594
2013,3,Audi,488
2013,3,Mitsubishi,488
2013,3,Skoda,484
2013,3,BMW,473
2013,3,Hyundai,469
2013,3,Mercedes-Benz,460
2013,3,Peugeot,390
2013,3,Opel,377
2013,3,Kia,341
2013,3,Honda,298
2013,3,Subaru,284
2013,3,Citroen,187
2013,3,Suzuki,169
2013,3,Land Rover,82
2013,3,MINI,59
2013,3,Renault,56
2013,3,Fiat,47
2013,3,Lexus,31
2013,3,Chevrolet,28
2013,3,Porsche,24
2013,3,Dacia,18
2013,3,Alfa Romeo,9
2013,3,Jaguar,7
2013,3,Smart,7
2013,3,Ssangyong,5
2013,3,Jeep,4
2013,3,Nilsson,2
2013,3,Tesla,1
2013,4,Volkswagen,2200
2013,4,Toyota,1645
2013,4,Volvo,1060
2013,4,Audi,987
2013,4,Ford,950
2013,4,Nissan,814
2013,4,Mercedes-Benz,705
2013,4,Mitsubishi,648
2013,4,BMW,646
2013,4,Skoda,625
2013,4,Opel,463
2013,4,Hyundai,454
2013,4,Peugeot,444
2013,4,Kia,444
2013,4,Mazda,414
2013,4,Subaru,325
2013,4,Citroen,279
2013,4,Honda,250
2013,4,Suzuki,163
2013,4,MINI,95
2013,4,Renault,80
2013,4,Fiat,77
2013,4,Porsche,49
2013,4,Lexus,40
2013,4,Chevrolet,35
2013,4,Land Rover,29
2013,4,Dacia,25
2013,4,Alfa Romeo,13
2013,4,Jaguar,10
2013,4,Jeep,7
2013,4,Smart,3
2013,4,Ssangyong,2
2013,4,Cadillac,2
2013,4,Morgan,2
2013,4,Think,1
2013,4,Aston Martin,1
2013,4,Tesla,1
2013,5,Toyota,1635
2013,5,Volkswagen,1351
2013,5,Ford,1010
2013,5,Volvo,938
2013,5,Audi,699
2013,5,BMW,662
2013,5,Nissan,645
2013,5,Mitsubishi,616
2013,5,Mercedes-Benz,592
2013,5,Peugeot,491
2013,5,Hyundai,468
2013,5,Skoda,464
2013,5,Kia,409
2013,5,Opel,372
2013,5,Mazda,338
2013,5,Subaru,300
2013,5,Honda,230
2013,5,Citroen,224
2013,5,Suzuki,152
2013,5,MINI,97
2013,5,Fiat,79
2013,5,Renault,73
2013,5,Land Rover,36
2013,5,Lexus,34
2013,5,Chevrolet,26
2013,5,Porsche,25
2013,5,Dacia,15
2013,5,Alfa Romeo,10
2013,5,Jaguar,7
2013,5,Jeep,7
2013,5,Ssangyong,3
2013,5,Smart,1
2013,5,Nilsson,1
2013,5,Saab,1
2013,5,Dodge,1
2013,6,Volkswagen,1482
2013,6,Toyota,1450
2013,6,Ford,1084
2013,6,Volvo,692
2013,6,Nissan,633
2013,6,Audi,579
2013,6,Mitsubishi,539
2013,6,BMW,494
2013,6,Hyundai,484
2013,6,Mazda,465
2013,6,Skoda,434
2013,6,Peugeot,371
2013,6,Kia,348
2013,6,Mercedes-Benz,339
2013,6,Subaru,281
2013,6,Citroen,250
2013,6,Opel,245
2013,6,Honda,223
2013,6,Suzuki,148
2013,6,Fiat,97
2013,6,MINI,72
2013,6,Chevrolet,67
2013,6,Renault,44
2013,6,Lexus,35
2013,6,Land Rover,29
2013,6,Alfa Romeo,21
2013,6,Porsche,17
2013,6,Dacia,12
2013,6,Jaguar,4
2013,6,Nilsson,4
2013,6,Jeep,2
2013,6,Ssangyong,1
2013,6,Smart,1
2013,6,Think,1
2013,7,Toyota,1627
2013,7,Volkswagen,1556
2013,7,Volvo,901
2013,7,Ford,825
2013,7,Audi,687
2013,7,Nissan,648
2013,7,Mazda,644
2013,7,BMW,513
2013,7,Skoda,502
2013,7,Mitsubishi,455
2013,7,Mercedes-Benz,418
2013,7,Kia,413
2013,7,Peugeot,361
2013,7,Hyundai,344
2013,7,Subaru,301
2013,7,Opel,220
2013,7,Citroen,212
2013,7,Honda,121
2013,7,Suzuki,114
2013,7,Renault,91
2013,7,MINI,79
2013,7,Chevrolet,54
2013,7,Lexus,53
2013,7,Fiat,52
2013,7,Porsche,43
2013,7,Land Rover,26
2013,7,Alfa Romeo,18
2013,7,Dacia,14
2013,7,Jeep,5
2013,7,Tesla,5
2013,7,Jaguar,3
2013,7,Smart,3
2013,7,Morgan,2
2013,7,Ssangyong,1
2013,7,Aston Martin,1
2013,8,Toyota,1666
2013,8,Volkswagen,1551
2013,8,Ford,897
2013,8,Nissan,725
2013,8,Audi,645
2013,8,Mazda,628
2013,8,BMW,620
2013,8,Volvo,581
2013,8,Peugeot,563
2013,8,Skoda,543
2013,8,Mercedes-Benz,513
2013,8,Kia,402
2013,8,Mitsubishi,387
2013,8,Hyundai,343
2013,8,Opel,238
2013,8,Subaru,208
2013,8,Tesla,185
2013,8,Honda,182
2013,8,Citroen,165
2013,8,Suzuki,122
2013,8,Renault,119
2013,8,MINI,88
2013,8,Lexus,69
2013,8,Chevrolet,64
2013,8,Fiat,51
2013,8,Porsche,34
2013,8,Land Rover,28
2013,8,Alfa Romeo,21
2013,8,Dacia,13
2013,8,Jeep,4
2013,8,Jaguar,3
2013,8,Smart,1
2013,8,Ssangyong,1
2013,9,Toyota,1548
2013,9,Volkswagen,1512
2013,9,Volvo,1098
2013,9,Ford,733
2013,9,BMW,681
2013,9,Skoda,679
2013,9,Tesla,616
2013,9,Nissan,615
2013,9,Mazda,584
2013,9,Audi,554
2013,9,Kia,480
2013,9,Mitsubishi,418
2013,9,Mercedes-Benz,415
2013,9,Peugeot,402
2013,9,Hyundai,337
2013,9,Subaru,265
2013,9,Opel,250
2013,9,Suzuki,199
2013,9,Honda,196
2013,9,Citroen,181
2013,9,Land Rover,73
2013,9,MINI,68
2013,9,Renault,62
2013,9,Chevrolet,60
2013,9,Lexus,47
2013,9,Fiat,42
2013,9,Porsche,17
2013,9,Alfa Romeo,11
2013,9,Dacia,10
2013,9,Smart,5
2013,9,Jeep,4
2013,9,Mia,2
2013,9,Jaguar,1
2013,9,Ssangyong,1
2013,9,Tazzari,1
2013,9,NA,1
2013,10,Toyota,1890
2013,10,Volkswagen,1550
2013,10,Volvo,1147
2013,10,Nissan,1075
2013,10,Ford,864
2013,10,Skoda,773
2013,10,Audi,664
2013,10,BMW,579
2013,10,Peugeot,463
2013,10,Kia,459
2013,10,Mazda,449
2013,10,Mercedes-Benz,444
2013,10,Mitsubishi,401
2013,10,Suzuki,380
2013,10,Hyundai,303
2013,10,Subaru,285
2013,10,Opel,202
2013,10,Citroen,180
2013,10,Honda,171
2013,10,MINI,120
2013,10,Renault,109
2013,10,Tesla,98
2013,10,Lexus,68
2013,10,Chevrolet,55
2013,10,Land Rover,53
2013,10,Fiat,35
2013,10,Porsche,20
2013,10,Alfa Romeo,17
2013,10,Jeep,13
2013,10,Dacia,10
2013,10,Jaguar,8
2013,10,Smart,4
2013,10,Ssangyong,3
2013,10,Bentley,1
2013,11,Volkswagen,1735
2013,11,Toyota,1454
2013,11,Volvo,1053
2013,11,Skoda,789
2013,11,Ford,733
2013,11,Nissan,729
2013,11,BMW,586
2013,11,Tesla,527
2013,11,Audi,495
2013,11,Mercedes-Benz,494
2013,11,Kia,478
2013,11,Mazda,455
2013,11,Peugeot,436
2013,11,Mitsubishi,378
2013,11,Suzuki,272
2013,11,Subaru,236
2013,11,Hyundai,211
2013,11,Opel,208
2013,11,Honda,189
2013,11,Citroen,181
2013,11,MINI,108
2013,11,Renault,93
2013,11,Lexus,54
2013,11,Land Rover,52
2013,11,Chevrolet,48
2013,11,Fiat,36
2013,11,Porsche,18
2013,11,Jeep,12
2013,11,Alfa Romeo,6
2013,11,Dacia,5
2013,11,Think,4
2013,11,Jaguar,1
2013,11,Ssangyong,1
2013,11,Maserati,1
2013,11,Seat,1
2013,12,Volvo,1884
2013,12,Volkswagen,1481
2013,12,Toyota,906
2013,12,Skoda,786
2013,12,Ford,756
2013,12,Mercedes-Benz,663
2013,12,Tesla,553
2013,12,Nissan,512
2013,12,Audi,475
2013,12,BMW,437
2013,12,Mitsubishi,376
2013,12,Kia,376
2013,12,Opel,334
2013,12,Mazda,288
2013,12,Suzuki,270
2013,12,Peugeot,251
2013,12,Subaru,240
2013,12,Honda,221
2013,12,Hyundai,142
2013,12,Citroen,134
2013,12,Renault,73
2013,12,MINI,57
2013,12,Land Rover,56
2013,12,Fiat,36
2013,12,Chevrolet,32
2013,12,Dacia,16
2013,12,Lexus,13
2013,12,Porsche,9
2013,12,Jeep,6
2013,12,Alfa Romeo,5
2013,12,Smart,3
2013,12,Jaguar,2
2013,12,Ssangyong,1
2013,12,Binz,1
2014,1,Toyota,1501
2014,1,Volkswagen,1360
2014,1,BMW,919
2014,1,Nissan,872
2014,1,Peugeot,661
2014,1,Volvo,654
2014,1,Audi,633
2014,1,Mazda,610
2014,1,Ford,601
2014,1,Mercedes-Benz,531
2014,1,Skoda,521
2014,1,Suzuki,401
2014,1,Mitsubishi,389
2014,1,Opel,263
2014,1,Kia,236
2014,1,Hyundai,217
2014,1,Citroen,187
2014,1,Subaru,187
2014,1,Tesla,132
2014,1,Honda,91
2014,1,Land Rover,79
2014,1,Renault,74
2014,1,Lexus,66
2014,1,MINI,66
2014,1,Chevrolet,47
2014,1,Fiat,31
2014,1,Porsche,26
2014,1,Jaguar,9
2014,1,Dacia,7
2014,1,Jeep,7
2014,1,Alfa Romeo,5
2014,1,Smart,2
2014,2,Volkswagen,1379
2014,2,Toyota,1352
2014,2,BMW,896
2014,2,Nissan,861
2014,2,Volvo,723
2014,2,Peugeot,608
2014,2,Skoda,566
2014,2,Audi,543
2014,2,Ford,524
2014,2,Mercedes-Benz,495
2014,2,Mitsubishi,451
2014,2,Tesla,431
2014,2,Mazda,372
2014,2,Kia,335
2014,2,Opel,293
2014,2,Suzuki,288
2014,2,Hyundai,211
2014,2,Subaru,200
2014,2,Honda,175
2014,2,Citroen,168
2014,2,Land Rover,68
2014,2,Chevrolet,60
2014,2,Renault,59
2014,2,MINI,58
2014,2,Lexus,47
2014,2,Fiat,29
2014,2,Porsche,16
2014,2,Dacia,11
2014,2,Jeep,8
2014,2,Jaguar,6
2014,2,Alfa Romeo,5
2014,2,Nilsson,4
2014,2,Smart,2
2014,2,Maserati,2
2014,3,Volkswagen,1722
2014,3,Tesla,1493
2014,3,Toyota,1441
2014,3,BMW,1016
2014,3,Nissan,924
2014,3,Volvo,915
2014,3,Ford,700
2014,3,Audi,570
2014,3,Mitsubishi,560
2014,3,Mazda,555
2014,3,Skoda,543
2014,3,Mercedes-Benz,523
2014,3,Peugeot,490
2014,3,Opel,334
2014,3,Kia,307
2014,3,Citroen,270
2014,3,Renault,240
2014,3,Suzuki,238
2014,3,Subaru,236
2014,3,Honda,236
2014,3,Hyundai,195
2014,3,Land Rover,92
2014,3,MINI,79
2014,3,Chevrolet,49
2014,3,Fiat,38
2014,3,Lexus,35
2014,3,Dacia,23
2014,3,Porsche,17
2014,3,Alfa Romeo,11
2014,3,Jaguar,4
2014,3,Jeep,4
2014,3,Maserati,1
2014,4,Volkswagen,1893
2014,4,Toyota,1229
2014,4,BMW,946
2014,4,Nissan,859
2014,4,Volvo,816
2014,4,Ford,803
2014,4,Audi,704
2014,4,Skoda,672
2014,4,Mercedes-Benz,546
2014,4,Peugeot,531
2014,4,Mitsubishi,498
2014,4,Mazda,390
2014,4,Kia,384
2014,4,Suzuki,237
2014,4,Opel,227
2014,4,Subaru,213
2014,4,Hyundai,200
2014,4,Honda,188
2014,4,Tesla,171
2014,4,Citroen,164
2014,4,Renault,144
2014,4,MINI,82
2014,4,Porsche,45
2014,4,Land Rover,43
2014,4,Lexus,43
2014,4,Fiat,36
2014,4,Chevrolet,25
2014,4,Dacia,11
2014,4,Alfa Romeo,6
2014,4,Jeep,6
2014,4,Jaguar,3
2014,5,Volkswagen,1716
2014,5,Toyota,1458
2014,5,Volvo,859
2014,5,Nissan,766
2014,5,BMW,733
2014,5,Audi,721
2014,5,Skoda,692
2014,5,Ford,626
2014,5,Mazda,575
2014,5,Mercedes-Benz,555
2014,5,Peugeot,474
2014,5,Mitsubishi,440
2014,5,Kia,426
2014,5,Tesla,373
2014,5,Citroen,288
2014,5,Opel,275
2014,5,Hyundai,270
2014,5,Honda,235
2014,5,Suzuki,230
2014,5,Subaru,159
2014,5,Renault,116
2014,5,MINI,72
2014,5,Lexus,57
2014,5,Porsche,56
2014,5,Fiat,50
2014,5,Land Rover,33
2014,5,Chevrolet,29
2014,5,Dacia,18
2014,5,Jeep,13
2014,5,Alfa Romeo,8
2014,5,Nilsson,5
2014,5,Jaguar,4
2014,5,Maserati,2
2014,5,Smart,1
2014,5,Cadillac,1
2014,5,Morgan,1
2014,6,Volkswagen,1620
2014,6,Toyota,1306
2014,6,Volvo,852
2014,6,Ford,787
2014,6,BMW,644
2014,6,Nissan,586
2014,6,Skoda,577
2014,6,Audi,548
2014,6,Tesla,536
2014,6,Peugeot,515
2014,6,Mazda,491
2014,6,Mercedes-Benz,450
2014,6,Mitsubishi,399
2014,6,Kia,375
2014,6,Citroen,303
2014,6,Opel,241
2014,6,Honda,229
2014,6,Hyundai,223
2014,6,Suzuki,167
2014,6,Subaru,147
2014,6,Renault,120
2014,6,MINI,78
2014,6,Porsche,49
2014,6,Lexus,39
2014,6,Jeep,39
2014,6,Land Rover,35
2014,6,Fiat,35
2014,6,Chevrolet,29
2014,6,Dacia,10
2014,6,Alfa Romeo,4
2014,6,Maserati,3
2014,6,Jaguar,2
2014,6,Smart,1
2014,6,Iveco,1
2014,7,Volkswagen,2197
2014,7,Toyota,1270
2014,7,Volvo,930
2014,7,Nissan,677
2014,7,BMW,670
2014,7,Ford,645
2014,7,Skoda,632
2014,7,Audi,609
2014,7,Mazda,565
2014,7,Mercedes-Benz,542
2014,7,Mitsubishi,438
2014,7,Peugeot,432
2014,7,Kia,397
2014,7,Opel,239
2014,7,Suzuki,219
2014,7,Citroen,195
2014,7,Subaru,177
2014,7,Hyundai,159
2014,7,Honda,138
2014,7,Renault,130
2014,7,Tesla,114
2014,7,MINI,79
2014,7,Lexus,43
2014,7,Chevrolet,37
2014,7,Porsche,34
2014,7,Land Rover,29
2014,7,Fiat,29
2014,7,Jeep,29
2014,7,Dacia,14
2014,7,Alfa Romeo,12
2014,7,Jaguar,3
2014,7,Maserati,2
2014,7,Tazzari,2
2014,7,Smart,1
2014,7,Ferrari,1
2014,8,Volkswagen,2065
2014,8,Toyota,1233
2014,8,BMW,816
2014,8,Nissan,750
2014,8,Skoda,653
2014,8,Peugeot,642
2014,8,Volvo,614
2014,8,Ford,604
2014,8,Mazda,600
2014,8,Audi,575
2014,8,Mitsubishi,457
2014,8,Mercedes-Benz,438
2014,8,Kia,291
2014,8,Citroen,232
2014,8,Suzuki,193
2014,8,Subaru,186
2014,8,Opel,184
2014,8,Tesla,183
2014,8,Hyundai,143
2014,8,Honda,142
2014,8,Renault,122
2014,8,MINI,82
2014,8,Lexus,53
2014,8,Land Rover,36
2014,8,Fiat,36
2014,8,Porsche,29
2014,8,Chevrolet,26
2014,8,Jeep,25
2014,8,Alfa Romeo,15
2014,8,Dacia,8
2014,8,Jaguar,5
2014,8,Maserati,3
2014,8,Smart,2
2014,8,Morgan,1
2014,9,Volkswagen,1707
2014,9,Toyota,1463
2014,9,Volvo,901
2014,9,Nissan,709
2014,9,BMW,670
2014,9,Ford,597
2014,9,Mazda,593
2014,9,Peugeot,568
2014,9,Skoda,554
2014,9,Mercedes-Benz,500
2014,9,Mitsubishi,486
2014,9,Audi,448
2014,9,Kia,448
2014,9,Subaru,287
2014,9,Opel,260
2014,9,Suzuki,259
2014,9,Hyundai,211
2014,9,Honda,191
2014,9,Citroen,173
2014,9,Renault,119
2014,9,Tesla,104
2014,9,MINI,98
2014,9,Lexus,92
2014,9,Chevrolet,41
2014,9,Land Rover,26
2014,9,Porsche,23
2014,9,Fiat,19
2014,9,Jeep,17
2014,9,Alfa Romeo,8
2014,9,Dacia,7
2014,9,Jaguar,4
2014,9,Iveco,1
2014,9,Ssangyong,1
2014,10,Volkswagen,2061
2014,10,Toyota,1451
2014,10,Volvo,1039
2014,10,Nissan,867
2014,10,Skoda,790
2014,10,BMW,778
2014,10,Ford,691
2014,10,Mercedes-Benz,622
2014,10,Audi,606
2014,10,Peugeot,601
2014,10,Mazda,525
2014,10,Mitsubishi,452
2014,10,Kia,408
2014,10,Citroen,347
2014,10,Suzuki,273
2014,10,Subaru,262
2014,10,Opel,258
2014,10,Renault,195
2014,10,Honda,181
2014,10,Hyundai,150
2014,10,Lexus,123
2014,10,MINI,92
2014,10,Porsche,42
2014,10,Tesla,36
2014,10,Fiat,26
2014,10,Land Rover,25
2014,10,Jeep,19
2014,10,Chevrolet,15
2014,10,Dacia,11
2014,10,Alfa Romeo,7
2014,10,Jaguar,3
2014,10,Maserati,3
2014,10,Smart,1
2014,10,Cadillac,1
2014,10,Ferrari,1
2014,10,Ssangyong,1
2014,11,Volkswagen,1920
2014,11,Toyota,1241
2014,11,Volvo,950
2014,11,BMW,710
2014,11,Nissan,687
2014,11,Mercedes-Benz,639
2014,11,Skoda,585
2014,11,Ford,562
2014,11,Mazda,533
2014,11,Audi,516
2014,11,Peugeot,506
2014,11,Kia,443
2014,11,Mitsubishi,351
2014,11,Citroen,215
2014,11,Subaru,207
2014,11,Tesla,202
2014,11,Suzuki,200
2014,11,Opel,182
2014,11,Honda,162
2014,11,Renault,153
2014,11,Lexus,135
2014,11,Hyundai,131
2014,11,MINI,84
2014,11,Land Rover,53
2014,11,Porsche,31
2014,11,Fiat,26
2014,11,Dacia,24
2014,11,Jeep,14
2014,11,Chevrolet,13
2014,11,Jaguar,4
2014,11,Nilsson,4
2014,11,Alfa Romeo,2
2014,11,Maserati,1
2014,12,Volvo,2072
2014,12,Volkswagen,2019
2014,12,Toyota,1055
2014,12,BMW,804
2014,12,Mercedes-Benz,762
2014,12,Ford,681
2014,12,Skoda,666
2014,12,Nissan,634
2014,12,Audi,604
2014,12,Peugeot,527
2014,12,Kia,359
2014,12,Mitsubishi,317
2014,12,Mazda,310
2014,12,Tesla,267
2014,12,Subaru,217
2014,12,Citroen,209
2014,12,Opel,191
2014,12,Renault,161
2014,12,Honda,159
2014,12,Suzuki,143
2014,12,Hyundai,133
2014,12,MINI,70
2014,12,Lexus,59
2014,12,Land Rover,59
2014,12,Chevrolet,54
2014,12,Porsche,49
2014,12,Jeep,27
2014,12,Fiat,26
2014,12,Dacia,9
2014,12,Jaguar,2
2014,12,Maserati,2
2014,12,Alfa Romeo,1
2014,12,Nilsson,1
2015,1,Volkswagen,2057
2015,1,Toyota,1372
2015,1,Nissan,848
2015,1,BMW,649
2015,1,Ford,593
2015,1,Mercedes-Benz,543
2015,1,Mitsubishi,502
2015,1,Skoda,473
2015,1,Mazda,393
2015,1,Peugeot,373
2015,1,Volvo,321
2015,1,Kia,315
2015,1,Audi,302
2015,1,Suzuki,284
2015,1,Hyundai,283
2015,1,Opel,273
2015,1,Citroen,202
2015,1,Lexus,137
2015,1,Renault,127
2015,1,Honda,118
2015,1,Subaru,95
2015,1,Tesla,71
2015,1,MINI,62
2015,1,Land Rover,32
2015,1,Porsche,28
2015,1,Jeep,25
2015,1,Fiat,15
2015,1,Dacia,13
2015,1,Alfa Romeo,9
2015,1,Jaguar,8
2015,2,Volkswagen,1895
2015,2,Toyota,1436
2015,2,Nissan,761
2015,2,Ford,666
2015,2,BMW,636
2015,2,Skoda,539
2015,2,Mercedes-Benz,537
2015,2,Audi,474
2015,2,Volvo,438
2015,2,Peugeot,401
2015,2,Mazda,357
2015,2,Tesla,321
2015,2,Kia,315
2015,2,Mitsubishi,302
2015,2,Suzuki,249
2015,2,Opel,241
2015,2,Subaru,224
2015,2,Honda,163
2015,2,Hyundai,148
2015,2,Renault,147
2015,2,Citroen,112
2015,2,Lexus,106
2015,2,MINI,57
2015,2,Land Rover,44
2015,2,Porsche,37
2015,2,Dacia,22
2015,2,Jeep,19
2015,2,Polaris,19
2015,2,Fiat,13
2015,2,Smart,3
2015,2,Jaguar,2
2015,2,Alfa Romeo,1
2015,3,Volkswagen,2274
2015,3,Toyota,1509
2015,3,Tesla,1140
2015,3,Nissan,1057
2015,3,Volvo,875
2015,3,Ford,829
2015,3,BMW,785
2015,3,Skoda,679
2015,3,Audi,598
2015,3,Peugeot,525
2015,3,Mercedes-Benz,492
2015,3,Mazda,390
2015,3,Kia,376
2015,3,Mitsubishi,374
2015,3,Opel,344
2015,3,Suzuki,311
2015,3,Renault,296
2015,3,Subaru,294
2015,3,Honda,271
2015,3,Hyundai,202
2015,3,Citroen,186
2015,3,Lexus,97
2015,3,Land Rover,79
2015,3,MINI,72
2015,3,Porsche,28
2015,3,Dacia,23
2015,3,Fiat,22
2015,3,Jeep,19
2015,3,Alfa Romeo,3
2015,3,Smart,3
2015,3,Chevrolet,2
2015,3,Maserati,2
2015,3,Jaguar,1
2015,3,Ferrari,1
2015,4,Volkswagen,2667
2015,4,Toyota,1274
2015,4,BMW,733
2015,4,Volvo,729
2015,4,Skoda,725
2015,4,Audi,665
2015,4,Mercedes-Benz,646
2015,4,Ford,634
2015,4,Mazda,558
2015,4,Nissan,543
2015,4,Peugeot,541
2015,4,Mitsubishi,418
2015,4,Subaru,365
2015,4,Kia,354
2015,4,Citroen,305
2015,4,Opel,259
2015,4,Tesla,230
2015,4,Renault,215
2015,4,Suzuki,214
2015,4,Hyundai,212
2015,4,Honda,147
2015,4,MINI,92
2015,4,Lexus,73
2015,4,Land Rover,56
2015,4,Porsche,39
2015,4,Fiat,25
2015,4,Jeep,24
2015,4,Dacia,17
2015,4,Smart,6
2015,4,Nilsson,5
2015,4,Jaguar,4
2015,4,Alfa Romeo,3
2015,4,Aston Martin,2
2015,4,Chevrolet US,1
2015,4,Lexus,1
2015,5,Volkswagen,2076
2015,5,Toyota,1159
2015,5,Volvo,942
2015,5,Ford,747
2015,5,BMW,693
2015,5,Mercedes-Benz,679
2015,5,Skoda,585
2015,5,Audi,585
2015,5,Mitsubishi,577
2015,5,Nissan,514
2015,5,Mazda,508
2015,5,Peugeot,490
2015,5,Kia,390
2015,5,Tesla,346
2015,5,Subaru,319
2015,5,Opel,275
2015,5,Suzuki,253
2015,5,Renault,158
2015,5,Citroen,153
2015,5,Honda,143
2015,5,Hyundai,123
2015,5,Lexus,76
2015,5,MINI,63
2015,5,Land Rover,51
2015,5,Fiat,34
2015,5,Porsche,30
2015,5,Smart,26
2015,5,Jeep,24
2015,5,Jaguar,6
2015,5,Dacia,3
2015,5,Alfa Romeo,3
2015,5,Aston Martin,2
2015,5,Chevrolet US,1
2015,5,Lancia,1
2015,5,Morgan,1
2015,6,Volkswagen,2501
2015,6,Toyota,1409
2015,6,Volvo,1099
2015,6,BMW,849
2015,6,Nissan,692
2015,6,Ford,670
2015,6,Skoda,645
2015,6,Audi,640
2015,6,Mitsubishi,640
2015,6,Mazda,635
2015,6,Mercedes-Benz,618
2015,6,Tesla,566
2015,6,Renault,496
2015,6,Peugeot,472
2015,6,Kia,419
2015,6,Subaru,316
2015,6,Opel,290
2015,6,Hyundai,237
2015,6,Honda,234
2015,6,Suzuki,228
2015,6,Citroen,198
2015,6,Lexus,109
2015,6,MINI,65
2015,6,Land Rover,44
2015,6,Porsche,38
2015,6,Fiat,22
2015,6,Jeep,19
2015,6,Jaguar,18
2015,6,Smart,16
2015,6,Dacia,14
2015,6,Alfa Romeo,3
2015,6,Nilsson,2
2015,6,Lancia,1
2015,6,Seat,1
2015,6,Ssangyong,1
2015,7,Volkswagen,2415
2015,7,Toyota,1458
2015,7,Volvo,826
2015,7,Nissan,759
2015,7,Audi,754
2015,7,Mercedes-Benz,695
2015,7,Ford,642
2015,7,Skoda,627
2015,7,BMW,617
2015,7,Mazda,598
2015,7,Peugeot,477
2015,7,Kia,377
2015,7,Subaru,328
2015,7,Mitsubishi,290
2015,7,Opel,235
2015,7,Tesla,222
2015,7,Suzuki,203
2015,7,Hyundai,181
2015,7,Renault,136
2015,7,Citroen,133
2015,7,MINI,102
2015,7,Lexus,99
2015,7,Honda,89
2015,7,Porsche,34
2015,7,Land Rover,25
2015,7,Jeep,20
2015,7,Fiat,18
2015,7,Alfa Romeo,9
2015,7,Smart,8
2015,7,Jaguar,8
2015,7,Dacia,7
2015,7,Cadillac,1
2015,7,Lotus,1
2015,8,Volkswagen,2254
2015,8,Toyota,1461
2015,8,Ford,866
2015,8,BMW,860
2015,8,Nissan,722
2015,8,Skoda,666
2015,8,Mercedes-Benz,659
2015,8,Mazda,620
2015,8,Audi,541
2015,8,Peugeot,531
2015,8,Volvo,518
2015,8,Kia,505
2015,8,Subaru,338
2015,8,Suzuki,332
2015,8,Opel,287
2015,8,Mitsubishi,284
2015,8,Tesla,220
2015,8,Hyundai,199
2015,8,Honda,151
2015,8,Renault,133
2015,8,Citroen,115
2015,8,Lexus,105
2015,8,MINI,71
2015,8,Land Rover,44
2015,8,Porsche,36
2015,8,Jeep,29
2015,8,Fiat,22
2015,8,Jaguar,11
2015,8,Dacia,10
2015,8,Smart,7
2015,8,Alfa Romeo,4
2015,8,Maserati,1
2015,8,Seat,1
2015,8,Ssangyong,1
2015,9,Volkswagen,1768
2015,9,Toyota,1527
2015,9,Nissan,977
2015,9,Volvo,827
2015,9,BMW,777
2015,9,Mazda,679
2015,9,Mercedes-Benz,677
2015,9,Ford,648
2015,9,Skoda,548
2015,9,Audi,494
2015,9,Peugeot,439
2015,9,Mitsubishi,437
2015,9,Kia,384
2015,9,Suzuki,311
2015,9,Subaru,301
2015,9,Hyundai,300
2015,9,Opel,259
2015,9,Renault,240
2015,9,Honda,212
2015,9,Citroen,149
2015,9,Tesla,127
2015,9,Lexus,92
2015,9,MINI,82
2015,9,Land Rover,50
2015,9,Porsche,28
2015,9,Fiat,20
2015,9,Smart,17
2015,9,Jeep,15
2015,9,Jaguar,14
2015,9,Dacia,12
2015,9,Alfa Romeo,5
2015,9,Nilsson,4
2015,9,Chevrolet,1
2015,10,Volkswagen,2210
2015,10,Toyota,1443
2015,10,BMW,1010
2015,10,Volvo,954
2015,10,Nissan,759
2015,10,Skoda,717
2015,10,Ford,706
2015,10,Mazda,635
2015,10,Mitsubishi,614
2015,10,Mercedes-Benz,566
2015,10,Audi,549
2015,10,Peugeot,475
2015,10,Kia,363
2015,10,Suzuki,299
2015,10,Subaru,296
2015,10,Opel,258
2015,10,Renault,253
2015,10,Citroen,216
2015,10,Honda,206
2015,10,Tesla,198
2015,10,Hyundai,177
2015,10,Lexus,70
2015,10,MINI,58
2015,10,Land Rover,49
2015,10,Porsche,49
2015,10,Fiat,17
2015,10,Jaguar,16
2015,10,Jeep,14
2015,10,Dacia,8
2015,10,Smart,8
2015,10,Ssangyong,2
2015,10,Chevrolet US,1
2015,10,Iveco,1
2015,11,Volkswagen,2346
2015,11,Toyota,1102
2015,11,Volvo,937
2015,11,BMW,934
2015,11,Ford,724
2015,11,Mazda,713
2015,11,Mercedes-Benz,694
2015,11,Mitsubishi,679
2015,11,Skoda,642
2015,11,Audi,592
2015,11,Nissan,455
2015,11,Peugeot,400
2015,11,Kia,379
2015,11,Opel,291
2015,11,Subaru,232
2015,11,Honda,230
2015,11,Tesla,225
2015,11,Suzuki,220
2015,11,Hyundai,201
2015,11,Citroen,191
2015,11,Renault,171
2015,11,Lexus,58
2015,11,MINI,55
2015,11,Land Rover,53
2015,11,Porsche,20
2015,11,Jeep,14
2015,11,Fiat,12
2015,11,Smart,9
2015,11,Jaguar,9
2015,11,Dacia,5
2015,11,Nilsson,4
2015,11,Alfa Romeo,3
2015,12,Volkswagen,1881
2015,12,Volvo,1512
2015,12,BMW,1024
2015,12,Mercedes-Benz,872
2015,12,Toyota,866
2015,12,Ford,737
2015,12,Mitsubishi,673
2015,12,Subaru,646
2015,12,Skoda,644
2015,12,Mazda,616
2015,12,Audi,496
2015,12,Kia,458
2015,12,Peugeot,418
2015,12,Tesla,373
2015,12,Renault,310
2015,12,Opel,305
2015,12,Nissan,230
2015,12,Hyundai,209
2015,12,Suzuki,183
2015,12,Honda,163
2015,12,Citroen,158
2015,12,Land Rover,75
2015,12,MINI,62
2015,12,Lexus,48
2015,12,Fiat,44
2015,12,Porsche,18
2015,12,Jaguar,18
2015,12,Smart,16
2015,12,Jeep,11
2015,12,Dacia,7
2015,12,Alfa Romeo,3
2015,12,Ssangyong,1
2015,12,DS,1
2016,1,Volkswagen,1743
2016,1,Toyota,1106
2016,1,BMW,1089
2016,1,Ford,752
2016,1,Nissan,673
2016,1,Mercedes-Benz,661
2016,1,Volvo,643
2016,1,Mazda,621
2016,1,Audi,559
2016,1,Skoda,528
2016,1,Peugeot,437
2016,1,Suzuki,311
2016,1,Renault,250
2016,1,Opel,237
2016,1,Kia,216
2016,1,Mitsubishi,199
2016,1,Citroen,181
2016,1,Hyundai,147
2016,1,Lexus,147
2016,1,Honda,135
2016,1,Tesla,105
2016,1,MINI,67
2016,1,Porsche,60
2016,1,Land Rover,35
2016,1,Subaru,32
2016,1,Jaguar,19
2016,1,DS,13
2016,1,Ssangyong,8
2016,1,Smart,6
2016,1,Fiat,5
2016,1,Jeep,4
2016,1,Dacia,1
2016,1,Maserati,1
2016,2,Volkswagen,2044
2016,2,Toyota,1374
2016,2,BMW,899
2016,2,Nissan,842
2016,2,Ford,754
2016,2,Skoda,753
2016,2,Volvo,732
2016,2,Mazda,651
2016,2,Mercedes-Benz,625
2016,2,Mitsubishi,607
2016,2,Audi,531
2016,2,Peugeot,428
2016,2,Kia,389
2016,2,Opel,274
2016,2,Suzuki,269
2016,2,Citroen,164
2016,2,Honda,151
2016,2,Hyundai,121
2016,2,Tesla,113
2016,2,Renault,111
2016,2,Subaru,99
2016,2,Lexus,95
2016,2,MINI,50
2016,2,Land Rover,40
2016,2,Porsche,34
2016,2,Dacia,21
2016,2,DS,14
2016,2,Smart,11
2016,2,Ssangyong,8
2016,2,Jaguar,5
2016,2,Fiat,5
2016,2,Jeep,4
2016,2,Maserati,2
2016,2,Alfa Romeo,2
2016,3,Volkswagen,2236
2016,3,Toyota,1537
2016,3,Nissan,1105
2016,3,BMW,933
2016,3,Mitsubishi,825
2016,3,Mercedes-Benz,817
2016,3,Ford,717
2016,3,Volvo,687
2016,3,Skoda,662
2016,3,Mazda,550
2016,3,Audi,543
2016,3,Tesla,487
2016,3,Renault,453
2016,3,Peugeot,405
2016,3,Kia,367
2016,3,Suzuki,292
2016,3,Opel,279
2016,3,Honda,182
2016,3,Subaru,169
2016,3,Hyundai,159
2016,3,Citroen,155
2016,3,Lexus,74
2016,3,MINI,55
2016,3,DS,37
2016,3,Land Rover,33
2016,3,Porsche,30
2016,3,Dacia,24
2016,3,Jaguar,19
2016,3,Fiat,17
2016,3,Jeep,8
2016,3,Smart,6
2016,3,Ssangyong,5
2016,3,Alfa Romeo,3
2016,3,Aston Martin,2
2016,3,Nilsson,2
2016,4,Volkswagen,3017
2016,4,Toyota,1432
2016,4,BMW,1052
2016,4,Skoda,785
2016,4,Nissan,782
2016,4,Volvo,748
2016,4,Ford,715
2016,4,Audi,685
2016,4,Mercedes-Benz,661
2016,4,Mitsubishi,630
2016,4,Mazda,564
2016,4,Peugeot,483
2016,4,Kia,376
2016,4,Opel,352
2016,4,Renault,325
2016,4,Subaru,279
2016,4,Suzuki,252
2016,4,Hyundai,212
2016,4,Honda,186
2016,4,Citroen,146
2016,4,Tesla,96
2016,4,Lexus,71
2016,4,MINI,53
2016,4,Porsche,49
2016,4,DS,49
2016,4,Land Rover,32
2016,4,Dacia,28
2016,4,Jaguar,18
2016,4,Fiat,14
2016,4,Smart,11
2016,4,Ssangyong,6
2016,4,Jeep,4
2016,4,Alfa Romeo,3
2016,5,Volkswagen,2222
2016,5,Toyota,1687
2016,5,Mercedes-Benz,872
2016,5,BMW,832
2016,5,Ford,751
2016,5,Skoda,722
2016,5,Mitsubishi,659
2016,5,Volvo,619
2016,5,Nissan,592
2016,5,Mazda,565
2016,5,Audi,540
2016,5,Peugeot,404
2016,5,Opel,397
2016,5,Kia,349
2016,5,Hyundai,237
2016,5,Suzuki,232
2016,5,Subaru,218
2016,5,Renault,160
2016,5,Honda,158
2016,5,Tesla,156
2016,5,Citroen,155
2016,5,MINI,80
2016,5,Lexus,73
2016,5,Porsche,42
2016,5,Land Rover,38
2016,5,Jaguar,38
2016,5,DS,19
2016,5,Dacia,18
2016,5,Fiat,7
2016,5,Smart,6
2016,5,Jeep,6
2016,5,Nilsson,4
2016,5,Ferrari,2
2016,5,Ssangyong,1
2016,5,Alfa Romeo,1
2016,5,Cadillac,1
2016,5,Morgan,1
2016,6,Volkswagen,2287
2016,6,Toyota,1603
2016,6,Ford,854
2016,6,Mercedes-Benz,826
2016,6,BMW,808
2016,6,Volvo,766
2016,6,Skoda,721
2016,6,Mitsubishi,698
2016,6,Nissan,640
2016,6,Mazda,611
2016,6,Audi,551
2016,6,Renault,490
2016,6,Peugeot,400
2016,6,Opel,389
2016,6,Kia,373
2016,6,Tesla,291
2016,6,Subaru,275
2016,6,Hyundai,199
2016,6,Honda,189
2016,6,Suzuki,185
2016,6,MINI,127
2016,6,Citroen,117
2016,6,Lexus,74
2016,6,Land Rover,50
2016,6,Jaguar,46
2016,6,Porsche,40
2016,6,Dacia,27
2016,6,DS,18
2016,6,Fiat,5
2016,6,Smart,5
2016,6,Ssangyong,5
2016,6,Jeep,4
2016,6,Alfa Romeo,2
2016,6,Nilsson,2
2016,6,Aston Martin,1
2016,6,Bentley,1
2016,6,Chevrolet US,1
2016,7,Volkswagen,2076
2016,7,Toyota,1127
2016,7,Audi,687
2016,7,Mitsubishi,641
2016,7,BMW,636
2016,7,Volvo,635
2016,7,Mercedes-Benz,607
2016,7,Skoda,602
2016,7,Nissan,590
2016,7,Ford,510
2016,7,Mazda,489
2016,7,Kia,339
2016,7,Peugeot,314
2016,7,Opel,311
2016,7,Hyundai,229
2016,7,Suzuki,213
2016,7,Subaru,201
2016,7,Citroen,175
2016,7,Honda,145
2016,7,Renault,128
2016,7,MINI,97
2016,7,Lexus,89
2016,7,Tesla,66
2016,7,Porsche,28
2016,7,Land Rover,24
2016,7,Jaguar,23
2016,7,DS,20
2016,7,Ssangyong,9
2016,7,Dacia,8
2016,7,Jeep,8
2016,7,Nilsson,4
2016,7,Fiat,3
2016,7,Smart,1
2016,7,Alfa Romeo,1
2016,7,Maserati,1
2016,7,Ferrari,1
2016,7,Bentley,1
2016,7,Morgan,1
2016,8,Volkswagen,2359
2016,8,Toyota,1824
2016,8,BMW,1031
2016,8,Mercedes-Benz,881
2016,8,Audi,794
2016,8,Nissan,627
2016,8,Ford,625
2016,8,Skoda,529
2016,8,Mazda,518
2016,8,Mitsubishi,499
2016,8,Volvo,463
2016,8,Peugeot,461
2016,8,Kia,401
2016,8,Tesla,338
2016,8,Opel,282
2016,8,Subaru,268
2016,8,Suzuki,229
2016,8,Honda,201
2016,8,Hyundai,165
2016,8,Citroen,162
2016,8,Lexus,142
2016,8,Renault,134
2016,8,MINI,79
2016,8,Jaguar,42
2016,8,Dacia,40
2016,8,Porsche,38
2016,8,Land Rover,35
2016,8,Fiat,19
2016,8,Jeep,13
2016,8,DS,10
2016,8,Ssangyong,8
2016,8,Alfa Romeo,6
2016,8,Nilsson,3
2016,8,Maserati,2
2016,8,Smart,1
2016,8,Ferrari,1
2016,8,Bentley,1
2016,8,Lamborghini,1
2016,9,Volkswagen,2084
2016,9,Toyota,1823
2016,9,BMW,1193
2016,9,Mercedes-Benz,891
2016,9,Tesla,848
2016,9,Volvo,763
2016,9,Ford,697
2016,9,Audi,688
2016,9,Skoda,653
2016,9,Mitsubishi,562
2016,9,Mazda,549
2016,9,Nissan,460
2016,9,Kia,418
2016,9,Peugeot,354
2016,9,Renault,256
2016,9,Opel,249
2016,9,Suzuki,241
2016,9,Subaru,227
2016,9,Hyundai,227
2016,9,Citroen,149
2016,9,Honda,148
2016,9,Lexus,141
2016,9,MINI,48
2016,9,Land Rover,45
2016,9,Jaguar,44
2016,9,Porsche,26
2016,9,Fiat,16
2016,9,Alfa Romeo,15
2016,9,Dacia,13
2016,9,Ssangyong,9
2016,9,Jeep,5
2016,9,DS,4
2016,9,Smart,4
2016,9,Nilsson,4
2016,10,Volkswagen,2161
2016,10,Toyota,1327
2016,10,BMW,1096
2016,10,Mercedes-Benz,732
2016,10,Volvo,732
2016,10,Nissan,646
2016,10,Skoda,628
2016,10,Audi,603
2016,10,Ford,534
2016,10,Mazda,524
2016,10,Mitsubishi,426
2016,10,Peugeot,415
2016,10,Kia,315
2016,10,Opel,249
2016,10,Suzuki,226
2016,10,Hyundai,221
2016,10,Subaru,217
2016,10,Renault,216
2016,10,Citroen,171
2016,10,Tesla,123
2016,10,Honda,111
2016,10,Lexus,86
2016,10,MINI,56
2016,10,Jaguar,34
2016,10,Land Rover,16
2016,10,Porsche,14
2016,10,Dacia,14
2016,10,Fiat,10
2016,10,DS,9
2016,10,Ssangyong,5
2016,10,Jeep,5
2016,10,Nilsson,4
2016,10,Alfa Romeo,3
2016,10,Smart,2
2016,10,Chevrolet US,1
2016,11,Volkswagen,2106
2016,11,BMW,1663
2016,11,Toyota,1375
2016,11,Mercedes-Benz,807
2016,11,Volvo,754
2016,11,Ford,690
2016,11,Skoda,665
2016,11,Audi,645
2016,11,Nissan,571
2016,11,Mitsubishi,472
2016,11,Peugeot,427
2016,11,Mazda,420
2016,11,Hyundai,400
2016,11,Kia,343
2016,11,Opel,317
2016,11,Subaru,279
2016,11,Suzuki,269
2016,11,Renault,202
2016,11,Tesla,170
2016,11,Citroen,161
2016,11,Honda,109
2016,11,Lexus,89
2016,11,MINI,78
2016,11,Jaguar,33
2016,11,Land Rover,32
2016,11,Dacia,31
2016,11,Porsche,29
2016,11,Jeep,23
2016,11,Ssangyong,13
2016,11,Fiat,12
2016,11,Alfa Romeo,4
2016,11,Smart,2
2016,11,Nilsson,2
2016,11,DS,1
2016,12,Volkswagen,2239
2016,12,Toyota,1238
2016,12,Volvo,1235
2016,12,BMW,866
2016,12,Audi,827
2016,12,Ford,727
2016,12,Tesla,688
2016,12,Mercedes-Benz,653
2016,12,Mazda,541
2016,12,Nissan,533
2016,12,Skoda,526
2016,12,Subaru,508
2016,12,Mitsubishi,444
2016,12,Hyundai,423
2016,12,Opel,372
2016,12,Kia,327
2016,12,Suzuki,271
2016,12,Peugeot,270
2016,12,Renault,224
2016,12,Citroen,119
2016,12,Honda,118
2016,12,Lexus,82
2016,12,Dacia,80
2016,12,MINI,68
2016,12,Land Rover,64
2016,12,Jeep,39
2016,12,Jaguar,38
2016,12,Fiat,32
2016,12,Porsche,27
2016,12,DS,6
2016,12,Ssangyong,5
2016,12,Maserati,5
2016,12,Alfa Romeo,3
2016,12,Nilsson,3
2016,12,Smart,1
